ticker,date,open,high,low,close
BIPC,2020-03-31,25.75,28.42,21.69,21.69
BIPC,2020-04-01,21.8076,21.8076,20.7172,20.8371
BIPC,2020-04-02,20.899,22.965,20.8371,22.2957
BIPC,2020-04-03,22.2957,22.4541,21.1493,21.5024
BIPC,2020-04-06,21.9784,22.8979,21.9784,22.5811
BIPC,2020-04-07,23.4767,23.9759,22.6659,23.3848
BIPC,2020-04-08,23.2269,24.683,22.9709,23.9947
BIPC,2020-04-09,24.3043,25.25,24.0742,24.9391
BIPC,2020-04-13,24.8355,24.8355,23.693,24.494
BIPC,2020-04-14,24.5553,24.7879,23.8,24.3369
BIPC,2020-04-15,24.202,24.2686,22.7259,22.8913
BIPC,2020-04-16,23.0621,23.1352,22.6235,22.8979
BIPC,2020-04-17,23.6955,24.5376,23.3613,24.5376
BIPC,2020-04-20,24.159,24.2215,23.0015,23.44
BIPC,2020-04-21,23.038,23.1965,22.6652,22.9285
BIPC,2020-04-22,23.038,23.6109,23.0315,23.3554
BIPC,2020-04-23,23.5561,23.6898,23.0994,23.2022
BIPC,2020-04-24,22.8979,23.4096,22.8496,22.9957
BIPC,2020-04-27,22.9957,24.2906,22.937,24.172
BIPC,2020-04-28,24.2575,24.677,23.8912,23.9823
BIPC,2020-04-29,24.129,25.6274,24.1108,25.6214
BIPC,2020-04-30,25.4331,25.8528,24.8961,25.5061
BIPC,2020-05-01,25.0551,25.2858,24.7194,25.2317
BIPC,2020-05-04,25.0968,25.4397,24.8289,25.3896
BIPC,2020-05-05,25.3229,26.4498,25.3229,26.0536
BIPC,2020-05-06,26.0659,26.2081,24.945,25.0916
BIPC,2020-05-07,25.1711,25.6488,25.1341,25.2741
BIPC,2020-05-08,25.7681,26.5658,25.4892,26.4928
BIPC,2020-05-11,26.5972,28.5822,26.1031,28.5822
BIPC,2020-05-12,28.8944,29.1304,28.0133,28.0283
BIPC,2020-05-13,27.7924,28.0283,26.541,26.8467
BIPC,2020-05-14,26.4811,26.6323,25.8776,26.4876
BIPC,2020-05-15,26.4876,26.7906,26.1455,26.6323
BIPC,2020-05-18,27.3766,27.9984,27.1055,27.6562
BIPC,2020-05-19,27.694,28.3632,27.4971,28.0049
BIPC,2020-05-20,28.3137,28.4428,27.3101,27.3519
BIPC,2020-05-21,27.327,27.4971,26.5625,26.8037
BIPC,2020-05-22,26.8096,26.9993,26.3827,26.8715
BIPC,2020-05-26,27.3766,27.3766,26.5469,26.5658
BIPC,2020-05-27,27.1876,27.2057,26.3534,26.6258
BIPC,2020-05-28,26.9074,26.9074,26.1931,26.5314
BIPC,2020-05-29,26.3892,27.0247,26.1005,26.7411
BIPC,2020-06-01,26.5254,27.6223,26.4081,27.4685
BIPC,2020-06-02,27.7259,28.6813,27.5043,28.5341
BIPC,2020-06-03,28.6449,29.655,28.4173,29.2738
BIPC,2020-06-04,29.3591,30.4743,28.9713,29.5879
BIPC,2020-06-05,30.0128,30.6281,29.9692,30.3699
BIPC,2020-06-08,30.8073,31.9171,30.7082,31.5965
BIPC,2020-06-09,31.4238,31.5033,30.456,30.66
BIPC,2020-06-10,30.66,30.9246,30.0995,30.4501
BIPC,2020-06-11,29.8082,30.3576,28.854,28.854
BIPC,2020-06-12,29.6069,30.1113,29.0268,29.1506
BIPC,2020-06-15,28.7191,29.6361,28.3919,29.4765
BIPC,2020-06-16,30.2774,30.9246,29.8212,30.5004
BIPC,2020-06-17,30.4808,30.5864,30.0682,30.5675
BIPC,2020-06-18,30.4619,30.9187,30.1361,30.8073
BIPC,2020-06-19,31.1462,31.886,30.9187,31.1704
BIPC,2020-06-22,31.1958,31.6024,30.8262,31.0048
BIPC,2020-06-23,31.3437,31.5776,30.7402,30.9005
BIPC,2020-06-24,30.7148,31.0909,30.2285,30.2833
BIPC,2020-06-25,30.2833,30.4443,29.1812,29.4765
BIPC,2020-06-26,29.2907,29.2907,27.2769,27.3322
BIPC,2020-06-29,27.3636,27.8739,26.9321,27.2645
BIPC,2020-06-30,27.376,28.1775,27.0859,28.059
BIPC,2020-07-01,28.1091,28.3645,27.5486,27.6835
BIPC,2020-07-02,28.0655,28.3561,27.6347,27.7768
BIPC,2020-07-06,27.9123,28.3307,27.8093,28.2447
BIPC,2020-07-07,27.9364,28.6813,27.8797,28.1196
BIPC,2020-07-08,28.04,28.2753,27.2645,27.5657
BIPC,2020-07-09,27.5174,27.6347,26.618,26.7535
BIPC,2020-07-10,26.6356,27.0305,26.5619,26.7352
BIPC,2020-07-13,26.9321,27.9364,26.8735,27.7149
BIPC,2020-07-14,27.6966,28.6077,27.5968,28.6019
BIPC,2020-07-15,29.0887,29.4511,28.9596,29.3591
BIPC,2020-07-16,29.2972,29.348,28.9036,29.2738
BIPC,2020-07-17,29.0457,29.9939,29.0457,29.8825
BIPC,2020-07-20,29.7163,30.0624,29.3533,29.3839
BIPC,2020-07-21,29.7287,30.3947,29.4217,30.0004
BIPC,2020-07-22,28.8293,29.3533,28.5646,29.0704
BIPC,2020-07-23,29.1559,29.2549,28.8794,28.9896
BIPC,2020-07-24,29.0144,29.0144,28.5588,28.6384
BIPC,2020-07-27,28.6697,28.8378,28.3979,28.7368
BIPC,2020-07-28,28.4845,29.1747,28.4715,28.7191
BIPC,2020-07-29,29.0144,29.0144,28.072,28.3979
BIPC,2020-07-30,28.6813,28.6813,27.5239,27.9541
BIPC,2020-07-31,27.7259,28.1326,27.5421,28.1196
BIPC,2020-08-03,28.2505,28.7928,27.9364,28.7928
BIPC,2020-08-04,28.8605,28.867,28.4233,28.5158
BIPC,2020-08-05,28.7061,29.4511,28.7061,29.4334
BIPC,2020-08-06,29.3709,29.6863,28.9596,29.4706
BIPC,2020-08-07,29.1623,29.7066,29.1005,29.4954
BIPC,2020-08-10,29.6929,30.3055,29.6929,30.2285
BIPC,2020-08-11,30.5121,31.3006,30.4312,30.8679
BIPC,2020-08-12,30.8875,32.0899,30.8875,31.8364
BIPC,2020-08-13,32.0391,32.0515,31.4793,31.6389
BIPC,2020-08-14,31.6389,31.6389,30.8138,30.9741
BIPC,2020-08-17,31.1704,31.1833,30.8327,30.8457
BIPC,2020-08-18,31.0725,31.1156,30.5238,30.6281
BIPC,2020-08-19,30.8138,31.5347,30.7434,31.3006
BIPC,2020-08-20,31.1586,31.5595,30.6223,31.4909
BIPC,2020-08-21,31.1958,31.8605,31.0237,31.676
BIPC,2020-08-24,32.0326,32.7213,31.7321,32.5754
BIPC,2020-08-25,32.8341,32.9085,31.0751,31.5595
BIPC,2020-08-26,31.5595,31.7131,31.1651,31.5652
BIPC,2020-08-27,31.7452,31.824,31.433,31.5281
BIPC,2020-08-28,32.1212,32.1212,31.3333,31.4193
BIPC,2020-08-31,31.3945,31.6312,31.0524,31.0524
BIPC,2020-09-01,30.8908,31.5,30.381,31.3887
BIPC,2020-09-02,31.6806,33.0682,31.5503,32.9494
BIPC,2020-09-03,32.7631,32.9117,32.0234,32.1603
BIPC,2020-09-04,32.26,32.5579,31.8429,31.8553
BIPC,2020-09-08,31.7244,32.041,31.2896,31.6312
BIPC,2020-09-09,31.693,33.162,31.6741,32.5884
BIPC,2020-09-10,32.8628,32.8628,31.9302,31.9856
BIPC,2020-09-11,31.9922,32.9938,31.8429,32.7201
BIPC,2020-09-14,32.8818,33.6593,32.8818,33.5225
BIPC,2020-09-15,33.7766,34.7665,33.6032,34.5294
BIPC,2020-09-16,34.7098,34.9341,34.0875,34.268
BIPC,2020-09-17,34.2745,34.8031,33.9578,34.7724
BIPC,2020-09-18,34.6101,35.2638,34.2745,35.1146
BIPC,2020-09-21,34.3306,34.4485,32.9873,33.5915
BIPC,2020-09-22,33.727,33.9513,33.0974,33.8398
BIPC,2020-09-23,34.0007,34.0386,33.2362,33.3784
BIPC,2020-09-24,33.2793,33.6958,32.9378,33.3973
BIPC,2020-09-25,33.54,34.5593,33.1177,34.3188
BIPC,2020-09-28,34.7724,35.2762,34.5984,34.8597
BIPC,2020-09-29,35.0149,35.0214,34.4055,34.6037
BIPC,2020-09-30,34.7842,35.0396,34.1325,34.4551
BIPC,2020-10-01,34.5294,34.9471,34.1683,34.412
BIPC,2020-10-02,34.0751,34.4309,33.9018,34.2438
BIPC,2020-10-05,34.5671,35.2638,34.1592,35.1648
BIPC,2020-10-06,35.4998,35.6053,34.878,35.183
BIPC,2020-10-07,35.3889,36.8162,35.3016,35.9729
BIPC,2020-10-08,36.3894,36.5634,35.183,35.4313
BIPC,2020-10-09,35.4313,35.7206,34.7907,34.7907
BIPC,2020-10-12,34.7907,35.4503,34.7607,35.3133
BIPC,2020-10-13,35.1771,35.3695,34.5294,34.6733
BIPC,2020-10-14,34.6609,35.0709,34.1129,34.8349
BIPC,2020-10-15,34.6799,35.0214,34.6799,34.8031
BIPC,2020-10-16,35.0345,35.5989,34.6388,35.5441
BIPC,2020-10-19,35.8113,35.9984,35.3571,35.6627
BIPC,2020-10-20,35.9051,36.5947,35.5688,35.9925
BIPC,2020-10-21,36.2335,36.4018,35.9599,36.0277
BIPC,2020-10-22,36.0408,36.5568,36.0341,36.4526
BIPC,2020-10-23,36.5757,36.5947,35.8047,36.2596
BIPC,2020-10-26,36.0341,36.1907,35.245,35.7305
BIPC,2020-10-27,35.5506,35.6744,35.185,35.4764
BIPC,2020-10-28,34.8415,35.4932,33.7336,33.7336
BIPC,2020-10-29,33.5041,34.3931,32.6628,34.0815
BIPC,2020-10-30,33.9826,33.9826,33.3288,33.8835
BIPC,2020-11-02,34.2381,35.1205,34.2381,35.0579
BIPC,2020-11-03,35.5753,36.5947,35.5753,36.4272
BIPC,2020-11-04,36.4956,36.9622,35.8986,36.6325
BIPC,2020-11-05,37.0678,38.7414,36.9779,38.368
BIPC,2020-11-06,38.5922,38.8712,37.9575,38.5049
BIPC,2020-11-09,40.3461,42.1937,40.0978,40.1655
BIPC,2020-11-10,40.1094,42.399,39.8175,42.3298
BIPC,2020-11-11,42.4543,43.4756,42.1742,42.4238
BIPC,2020-11-12,42.0803,42.1872,40.9743,41.117
BIPC,2020-11-13,41.5648,41.6645,40.7495,41.0297
BIPC,2020-11-16,41.5771,42.0444,41.0923,41.7023
BIPC,2020-11-17,41.8268,41.8268,40.9873,41.2232
BIPC,2020-11-18,41.2663,41.6951,41.0923,41.0975
BIPC,2020-11-19,40.9489,40.9489,40.1845,40.4959
BIPC,2020-11-20,40.2339,41.1294,40.2273,41.1294
BIPC,2020-11-23,41.5152,42.268,41.179,42.006
BIPC,2020-11-24,42.4114,43.6992,42.3552,43.331
BIPC,2020-11-25,43.157,43.3244,42.7717,43.0826
BIPC,2020-11-27,42.9797,43.3745,42.1409,42.1409
BIPC,2020-11-30,42.2843,42.5599,41.2813,41.7511
BIPC,2020-12-01,42.2211,42.6786,40.8061,40.8303
BIPC,2020-12-02,40.9495,41.1379,40.4516,41.0062
BIPC,2020-12-03,41.1874,41.7831,41.0564,41.351
BIPC,2020-12-04,41.7895,42.835,41.514,42.7978
BIPC,2020-12-07,42.6909,42.955,42.077,42.1649
BIPC,2020-12-08,41.8392,42.6544,41.8392,42.4289
BIPC,2020-12-09,42.7164,43.1668,42.3091,43.1367
BIPC,2020-12-10,43.1367,43.505,42.5971,43.2547
BIPC,2020-12-11,43.0423,43.2704,42.5971,42.6101
BIPC,2020-12-14,43.1303,43.2416,42.0711,42.1344
BIPC,2020-12-15,42.1525,43.1668,41.9747,42.528
BIPC,2020-12-16,42.7294,43.2117,42.1839,42.8108
BIPC,2020-12-17,43.2117,44.0257,43.067,43.6686
BIPC,2020-12-18,43.9384,43.9384,42.9483,43.0611
BIPC,2020-12-21,42.3533,43.2481,41.746,43.1433
BIPC,2020-12-22,43.2802,44.4519,42.8845,43.9194
BIPC,2020-12-23,44.6083,45.7483,44.1821,45.6172
BIPC,2020-12-24,45.4601,46.2618,45.1344,46.0558
BIPC,2020-12-28,46.3621,46.7317,45.116,45.41
BIPC,2020-12-29,45.7671,46.0663,44.74,44.8455
BIPC,2020-12-30,44.8455,45.6042,44.6207,45.3097
BIPC,2020-12-31,45.2281,45.842,45.12,45.2907
BIPC,2021-01-04,45.3786,45.861,43.793,44.0316
BIPC,2021-01-05,44.2512,44.6702,43.9064,44.0134
BIPC,2021-01-06,43.9449,44.1633,41.1125,41.3574
BIPC,2021-01-07,41.3139,41.6639,39.3522,40.7188
BIPC,2021-01-08,40.5683,41.3823,40.1173,41.0121
BIPC,2021-01-11,40.4803,41.5198,40.4119,41.3379
BIPC,2021-01-12,41.351,41.8143,40.8185,41.2193
BIPC,2021-01-13,40.9248,42.4394,40.8935,41.9845
BIPC,2021-01-14,42.2843,42.4289,40.812,41.3073
BIPC,2021-01-15,41.1189,42.2719,40.5024,42.1024
BIPC,2021-01-19,42.2843,43.4496,41.9715,42.7914
BIPC,2021-01-20,43.1113,43.4926,42.3278,43.1172
BIPC,2021-01-21,43.2416,43.2416,41.658,42.5162
BIPC,2021-01-22,42.2211,43.1668,42.1649,43.1367
BIPC,2021-01-25,42.7412,43.6555,41.8241,41.914
BIPC,2021-01-26,42.021,42.397,40.6804,41.0375
BIPC,2021-01-27,40.1414,40.5174,39.4401,40.3043
BIPC,2021-01-28,40.0416,41.5577,39.9471,41.3139
BIPC,2021-01-29,41.0245,42.2556,40.8492,42.021
BIPC,2021-02-01,42.021,43.1987,41.5328,42.5535
BIPC,2021-02-02,42.6604,42.8376,40.8061,41.0004
BIPC,2021-02-03,40.655,41.658,40.423,40.6927
BIPC,2021-02-04,40.6243,41.3634,40.0983,41.3073
BIPC,2021-02-05,41.57,42.4204,40.7488,41.0245
BIPC,2021-02-08,41.0121,41.4259,39.1012,39.6532
BIPC,2021-02-09,39.6219,39.6904,38.7578,39.6839
BIPC,2021-02-10,40.0038,40.0038,38.8758,39.4088
BIPC,2021-02-11,39.1644,39.1703,37.805,38.6945
BIPC,2021-02-12,38.2944,38.6443,36.6462,37.2673
BIPC,2021-02-16,37.5228,38.0806,36.4083,38.0499
BIPC,2021-02-17,37.7176,37.9685,37.2842,37.8362
BIPC,2021-02-18,37.7489,37.9815,37.1792,37.7737
BIPC,2021-02-19,37.73,38.7063,37.6986,38.6254
BIPC,2021-02-22,38.8008,39.0139,38.2129,38.8698
BIPC,2021-02-23,38.8008,40.2483,38.5322,39.6474
BIPC,2021-02-24,39.5964,40.8746,39.2902,40.5683
BIPC,2021-02-25,40.8388,41.7609,40.2711,41.3067
BIPC,2021-02-26,41.4643,42.5312,41.168,41.8118
BIPC,2021-03-01,42.3358,43.0142,42.2347,42.6127
BIPC,2021-03-02,42.6766,43.024,42.3482,42.822
BIPC,2021-03-03,43.024,43.024,42.0262,42.6831
BIPC,2021-03-04,42.7399,43.8634,42.3234,42.9419
BIPC,2021-03-05,42.9419,44.1483,42.6011,44.0908
BIPC,2021-03-08,44.1984,45.3918,43.561,44.388
BIPC,2021-03-09,44.6214,46.0103,44.4637,45.455
BIPC,2021-03-10,45.5436,46.5016,45.3221,46.0487
BIPC,2021-03-11,46.4207,47.8728,46.1555,47.5894
BIPC,2021-03-12,47.3554,48.3911,47.0399,48.1068
BIPC,2021-03-15,47.9863,48.1798,45.7541,46.2254
BIPC,2021-03-16,45.8785,46.5785,45.3031,45.7014
BIPC,2021-03-17,45.5117,46.4207,44.6025,46.1998
BIPC,2021-03-18,45.833,45.833,43.3453,43.649
BIPC,2021-03-19,44.0784,44.6715,43.1621,44.255
BIPC,2021-03-22,44.3001,44.8547,43.9234,44.1032
BIPC,2021-03-23,43.6679,44.274,43.3681,44.255
BIPC,2021-03-24,44.723,46.9579,44.4637,45.3031
BIPC,2021-03-25,45.4302,46.0735,44.2173,45.3983
BIPC,2021-03-26,46.0799,47.2473,45.1903,47.1592
BIPC,2021-03-29,47.0138,47.5008,45.9972,47.4245
BIPC,2021-03-30,47.2928,47.968,46.8562,47.6076
BIPC,2021-03-31,47.7907,49.117,47.7907,48.2208
BIPC,2021-04-01,48.7201,48.9085,47.6839,48.7006
BIPC,2021-04-05,48.9345,48.9345,48.144,48.3911
BIPC,2021-04-06,48.157,48.157,46.5785,46.9258
BIPC,2021-04-07,46.6926,47.2107,46.2689,46.4077
BIPC,2021-04-08,46.7747,47.0713,45.973,46.1933
BIPC,2021-04-09,46.2885,47.1221,45.8525,46.9768
BIPC,2021-04-12,47.2864,47.2864,46.6606,46.8503
BIPC,2021-04-13,46.598,46.7525,45.9541,46.4899
BIPC,2021-04-14,46.1243,47.0713,46.0858,46.3576
BIPC,2021-04-15,46.4716,47.1846,45.9411,46.1868
BIPC,2021-04-16,46.4716,46.8314,45.9152,46.0103
BIPC,2021-04-19,45.8968,46.8183,45.846,46.7238
BIPC,2021-04-20,46.4143,47.5575,46.4143,47.3932
BIPC,2021-04-21,47.1024,47.463,46.0551,46.3895
BIPC,2021-04-22,46.5655,46.6046,45.5502,45.872
BIPC,2021-04-23,45.9411,46.3987,45.279,45.29
BIPC,2021-04-26,45.3351,45.9281,44.9303,45.7639
BIPC,2021-04-27,45.9411,46.7747,45.5996,46.0989
BIPC,2021-04-28,46.2689,46.4077,45.5436,46.0551
BIPC,2021-04-29,46.3452,47.1534,46.1875,46.7493
BIPC,2021-04-30,46.7493,47.1945,45.114,45.4804
BIPC,2021-05-03,45.7014,45.8089,44.5523,44.9752
BIPC,2021-05-04,45.1512,45.4673,44.1032,44.6344
BIPC,2021-05-05,44.8809,45.8654,44.6839,45.3918
BIPC,2021-05-06,45.3663,46.0278,44.9367,45.7834
BIPC,2021-05-07,45.6817,46.7995,45.4615,46.6542
BIPC,2021-05-10,46.4716,46.9768,45.833,46.4899
BIPC,2021-05-11,46.4782,46.4782,45.1642,45.6257
BIPC,2021-05-12,45.4739,45.6446,44.1984,44.5523
BIPC,2021-05-13,44.4637,45.2275,44.3822,44.9935
BIPC,2021-05-14,45.455,45.7319,44.4767,44.4942
BIPC,2021-05-17,44.4701,44.6782,43.7064,44.3372
BIPC,2021-05-18,44.2114,44.7595,44.04,44.2114
BIPC,2021-05-19,43.7937,44.2708,43.3845,43.7819
BIPC,2021-05-20,43.7435,44.8612,43.5486,44.4447
BIPC,2021-05-21,44.6839,44.7726,42.822,43.2443
BIPC,2021-05-24,43.3845,43.8452,42.7456,43.8386
BIPC,2021-05-25,43.8634,44.2114,43.2508,44.173
BIPC,2021-05-26,43.971,45.5305,43.7435,45.4172
BIPC,2021-05-27,45.4934,45.4934,44.3933,44.3933
BIPC,2021-05-28,44.4885,45.7162,44.2466,45.5182
BIPC,2021-06-01,45.5182,47.9987,45.5182,47.7568
BIPC,2021-06-02,47.7634,47.7953,46.3073,46.6
BIPC,2021-06-03,46.2057,46.5675,44.8573,46.428
BIPC,2021-06-04,46.6065,46.6065,45.5124,46.1861
BIPC,2021-06-07,46.2187,46.5551,45.9705,46.3387
BIPC,2021-06-08,46.4025,46.4541,45.2295,45.2581
BIPC,2021-06-09,45.245,45.245,43.8654,44.1261
BIPC,2021-06-10,43.999,44.6481,43.6112,43.7251
BIPC,2021-06-11,43.9228,44.4571,43.7187,44.4376
BIPC,2021-06-14,44.6416,45.5944,44.4761,44.7179
BIPC,2021-06-15,44.9401,45.9059,44.8508,45.8493
BIPC,2021-06-16,45.582,46.4729,45.2516,45.4107
BIPC,2021-06-17,44.9902,46.4214,44.9902,45.6967
BIPC,2021-06-18,45.2073,46.4912,45.0639,45.9059
BIPC,2021-06-21,46.3387,46.7838,45.8056,46.2187
BIPC,2021-06-22,46.1926,46.8158,45.6967,46.7591
BIPC,2021-06-23,46.9051,46.9559,46.0715,46.2434
BIPC,2021-06-24,46.574,46.6829,45.6466,46.2558
BIPC,2021-06-25,46.3263,47.4004,46.0083,46.8927
BIPC,2021-06-28,47.2238,47.2238,45.6967,46.5043
BIPC,2021-06-29,46.6893,46.9363,46.1797,46.428
BIPC,2021-06-30,46.2501,48.2977,46.2501,47.9479
BIPC,2021-07-01,48.4699,49.6839,48.0795,49.4234
BIPC,2021-07-02,49.6709,50.472,49.4037,50.0339
BIPC,2021-07-06,49.9252,50.8474,49.3692,50.8414
BIPC,2021-07-07,50.6824,51.2547,50.5489,51.1654
BIPC,2021-07-08,50.371,50.7652,49.4618,49.6267
BIPC,2021-07-09,50.0907,50.0907,48.5552,49.8046
BIPC,2021-07-12,49.9577,50.1233,49.2513,49.5315
BIPC,2021-07-13,49.2774,49.334,48.0944,48.215
BIPC,2021-07-14,48.3421,48.8185,48.0879,48.5833
BIPC,2021-07-15,48.0944,48.2084,45.3853,45.7534
BIPC,2021-07-16,46.2304,46.3009,45.2196,45.2829
BIPC,2021-07-19,44.5139,44.6416,42.2374,43.3127
BIPC,2021-07-20,43.3127,43.3434,42.0568,43.0005
BIPC,2021-07-21,43.2932,43.9162,43.0005,43.4072
BIPC,2021-07-22,43.4326,44.4571,43.0514,43.9162
BIPC,2021-07-23,44.1703,44.7303,43.7441,44.4942
BIPC,2021-07-26,44.0433,44.4695,41.4488,42.2374
BIPC,2021-07-27,42.1037,42.1298,41.0101,41.4045
BIPC,2021-07-28,41.5824,41.5824,40.7364,41.0101
BIPC,2021-07-29,41.4742,41.527,40.9274,41.1685
BIPC,2021-07-30,40.8191,41.3855,40.8191,41.1815
BIPC,2021-08-02,41.4937,42.193,41.2069,42.1037
BIPC,2021-08-03,41.8053,41.8053,40.6986,40.87
BIPC,2021-08-04,40.788,41.0037,40.6986,40.8766
BIPC,2021-08-05,41.0291,41.3451,40.8512,40.9913
BIPC,2021-08-06,41.074,41.074,40.1831,40.2411
BIPC,2021-08-09,40.6921,41.9642,40.6028,41.2265
BIPC,2021-08-10,41.5634,41.6906,40.8257,41.3093
BIPC,2021-08-11,41.2011,41.7478,40.8642,41.2512
BIPC,2021-08-12,41.4234,41.4234,40.6855,40.9717
BIPC,2021-08-13,41.1815,41.1815,40.8316,40.9529
BIPC,2021-08-16,40.8316,41.0037,40.6158,40.9913
BIPC,2021-08-17,40.7182,40.8191,40.4438,40.8191
BIPC,2021-08-18,40.9085,41.0101,40.5395,40.6419
BIPC,2021-08-19,40.0436,40.4307,39.9354,40.1584
BIPC,2021-08-20,39.9354,40.5715,39.7125,40.3936
BIPC,2021-08-23,40.5331,41.6234,40.1323,41.1118
BIPC,2021-08-24,41.074,42.008,40.5265,41.2897
BIPC,2021-08-25,41.4553,41.4553,40.1962,40.5005
BIPC,2021-08-26,40.1518,40.4893,39.3756,39.6559
BIPC,2021-08-27,39.5157,40.2346,39.5092,39.9862
BIPC,2021-08-30,39.9159,40.1818,39.2492,40.1147
BIPC,2021-08-31,40.1531,40.8134,39.9674,40.7749
BIPC,2021-09-01,40.9867,40.9867,40.6276,40.7175
BIPC,2021-09-02,40.9737,40.9932,40.6784,40.9541
BIPC,2021-09-03,40.8388,41.538,40.6406,41.1536
BIPC,2021-09-07,40.9287,41.1209,39.8969,40.5702
BIPC,2021-09-08,40.4868,40.788,39.4994,40.0886
BIPC,2021-09-09,39.9986,41.4546,39.749,41.2943
BIPC,2021-09-10,41.4481,41.8006,40.2169,40.4673
BIPC,2021-09-13,40.608,40.7429,39.6272,39.9608
BIPC,2021-09-14,40.1596,40.1596,39.0113,39.1716
BIPC,2021-09-15,39.1403,39.6845,38.9096,39.5503
BIPC,2021-09-16,39.4734,39.5503,38.4924,38.8574
BIPC,2021-09-17,38.9161,38.9161,37.7678,38.0115
BIPC,2021-09-20,37.3702,37.6655,36.4728,36.6657
BIPC,2021-09-21,36.9537,37.223,36.6462,37.0437
BIPC,2021-09-22,37.1591,38.153,37.1591,37.6909
BIPC,2021-09-23,38.005,38.467,37.7613,37.9222
BIPC,2021-09-24,37.6655,38.106,37.5886,37.7294
BIPC,2021-09-27,37.7938,38.1842,37.5886,37.6401
BIPC,2021-09-28,37.4927,37.7554,36.987,37.6401
BIPC,2021-09-29,37.8192,37.8962,37.4666,37.717
BIPC,2021-09-30,38.063,38.5564,37.7489,38.3902
BIPC,2021-10-01,38.6143,38.6143,37.717,38.2493
BIPC,2021-10-04,38.0826,38.454,37.7808,38.2038
BIPC,2021-10-05,38.2937,38.3771,37.6335,37.9346
BIPC,2021-10-06,37.5109,37.8447,37.0053,37.582
BIPC,2021-10-07,37.4927,38.1464,37.4927,37.8897
BIPC,2021-10-08,38.0499,38.1334,37.5944,37.6655
BIPC,2021-10-11,37.6655,38.005,37.5566,37.6779
BIPC,2021-10-12,37.6655,38.0369,37.582,37.8192
BIPC,2021-10-13,37.8831,38.0696,37.582,37.7873
BIPC,2021-10-14,38.1464,38.531,37.9927,38.3445
BIPC,2021-10-15,38.5628,38.877,38.3321,38.3968
BIPC,2021-10-18,38.4026,38.5049,37.9346,38.0566
BIPC,2021-10-19,38.1907,38.2546,37.973,38.1399
BIPC,2021-10-20,38.2038,38.454,38.1594,38.2546
BIPC,2021-10-21,38.338,38.4794,38.0499,38.3641
BIPC,2021-10-22,38.3771,39.2876,38.3198,38.9096
BIPC,2021-10-25,38.922,39.1781,38.4346,38.6528
BIPC,2021-10-26,38.7747,39.59,38.6978,39.4218
BIPC,2021-10-27,39.5633,40.1212,39.2941,40.0501
BIPC,2021-10-28,40.1336,40.711,39.8643,40.0052
BIPC,2021-10-29,39.9674,40.0182,38.2807,38.877
BIPC,2021-11-01,38.9963,39.8643,38.7298,39.7432
BIPC,2021-11-02,39.6467,40.2169,39.5307,40.0312
BIPC,2021-11-03,40.0378,40.6276,38.993,40.3578
BIPC,2021-11-04,40.0697,40.7234,39.5307,40.1466
BIPC,2021-11-05,40.608,40.9033,40.0762,40.23
BIPC,2021-11-08,40.8837,42.1853,40.32,41.9871
BIPC,2021-11-09,42.1853,42.3651,41.0245,41.4612
BIPC,2021-11-10,41.4735,42.1722,41.4735,41.6723
BIPC,2021-11-11,40.711,41.2748,39.9218,40.307
BIPC,2021-11-12,40.3903,40.653,40.0762,40.3772
BIPC,2021-11-15,40.6595,40.6595,40.0886,40.23
BIPC,2021-11-16,40.23,40.3264,39.1911,39.2615
BIPC,2021-11-17,39.2681,39.4415,38.6782,38.89
BIPC,2021-11-18,38.9344,39.9159,38.7363,39.9093
BIPC,2021-11-19,39.6721,40.0443,38.7036,39.2492
BIPC,2021-11-22,38.7747,38.9768,36.9922,37.0887
BIPC,2021-11-23,37.2803,38.1014,36.9857,38.063
BIPC,2021-11-24,38.0884,39.3325,38.0115,38.9278
BIPC,2021-11-26,38.467,38.467,37.6589,38.1399
BIPC,2021-11-29,38.7024,39.588,38.1718,39.3683
BIPC,2021-11-30,39.1162,39.375,37.8943,38.2755
BIPC,2021-12-01,38.9481,39.2068,37.5064,37.7325
BIPC,2021-12-02,37.8421,38.5668,37.7776,38.2559
BIPC,2021-12-03,38.5603,38.819,37.9157,38.7799
BIPC,2021-12-06,39.2134,39.5561,38.7414,39.1228
BIPC,2021-12-07,39.5692,40.2223,39.504,40.1831
BIPC,2021-12-08,40.0859,40.3708,39.459,40.1056
BIPC,2021-12-09,40.1317,40.6165,39.7888,40.5585
BIPC,2021-12-10,40.7397,41.0043,40.3017,40.9397
BIPC,2021-12-13,40.9136,41.2115,40.4033,41.0759
BIPC,2021-12-14,40.9267,42.3756,40.8882,42.1167
BIPC,2021-12-15,41.8261,42.4981,41.4115,42.427
BIPC,2021-12-16,42.5436,43.1967,42.5436,42.906
BIPC,2021-12-17,42.7828,43.1706,42.3332,42.7633
BIPC,2021-12-20,42.1428,42.3044,41.2891,41.6899
BIPC,2021-12-21,42.0842,42.7052,41.845,42.408
BIPC,2021-12-22,42.5951,43.0155,42.2269,42.9836
BIPC,2021-12-23,43.1771,43.662,42.919,43.494
BIPC,2021-12-27,43.7077,44.4122,43.2677,44.3802
BIPC,2021-12-28,44.3158,44.7517,43.7271,43.8497
BIPC,2021-12-29,43.8113,43.8113,43.1126,43.3003
BIPC,2021-12-30,43.2742,43.5779,42.9249,42.9444
BIPC,2021-12-31,43.1256,44.2251,42.7959,44.141
BIPC,2022-01-03,44.3412,45.5507,44.2701,45.0463
BIPC,2022-01-04,44.5028,44.9752,43.5004,43.5394
BIPC,2022-01-05,43.7077,43.7271,42.2334,42.2914
BIPC,2022-01-06,42.6147,42.6147,41.3216,41.4246
BIPC,2022-01-07,41.2955,41.9486,41.0694,41.5928
BIPC,2022-01-10,41.5674,42.3364,41.2891,42.1364
BIPC,2022-01-11,42.4335,42.8024,41.6769,42.6147
BIPC,2022-01-12,42.8024,43.009,42.0457,42.0907
BIPC,2022-01-13,42.0262,42.6147,42.0262,42.3241
BIPC,2022-01-14,42.2719,43.1517,41.8776,43.0416
BIPC,2022-01-18,42.7379,42.8669,41.5862,42.0842
BIPC,2022-01-19,42.0588,42.369,41.5738,41.5928
BIPC,2022-01-20,41.6964,43.3133,41.5347,42.6539
BIPC,2022-01-21,42.4597,42.7959,41.7478,42.298
BIPC,2022-01-24,41.4703,42.3756,40.8681,42.2399
BIPC,2022-01-25,41.5478,42.9379,40.9332,42.2784
BIPC,2022-01-26,42.6473,43.9018,42.5045,42.88
BIPC,2022-01-27,43.494,43.6432,41.4344,41.7675
BIPC,2022-01-28,41.716,42.3559,41.4768,42.1879
BIPC,2022-01-31,42.0327,43.2292,41.845,42.8865
BIPC,2022-02-01,42.5633,43.636,42.5633,43.4039
BIPC,2022-02-02,42.6473,44.8006,42.6473,43.3323
BIPC,2022-02-03,43.1837,43.662,42.8408,43.0931
BIPC,2022-02-04,43.0735,43.5394,42.1761,43.2162
BIPC,2022-02-07,43.0285,44.2962,43.0285,44.1215
BIPC,2022-02-08,44.2121,44.2121,42.4204,43.4293
BIPC,2022-02-09,43.6236,44.0505,43.5591,44.0505
BIPC,2022-02-10,43.9018,45.0593,43.507,44.0954
BIPC,2022-02-11,44.1279,44.4577,43.1387,43.5525
BIPC,2022-02-14,43.6106,43.9272,43.009,43.3453
BIPC,2022-02-15,43.5655,43.7525,43.0866,43.3909
BIPC,2022-02-16,43.3845,43.6555,42.9066,43.3069
BIPC,2022-02-17,43.0025,44.0016,43.0025,43.3714
BIPC,2022-02-18,43.3453,44.0954,43.2481,43.8563
BIPC,2022-02-22,43.9078,44.173,43.3648,43.8563
BIPC,2022-02-23,44.2251,44.4512,43.7722,43.8367
BIPC,2022-02-24,43.2547,44.9297,43.1967,44.8585
BIPC,2022-02-25,45.1454,45.6994,45.0933,45.5429
BIPC,2022-02-28,45.3083,46.2077,45.3083,45.9078
BIPC,2022-03-01,45.7449,46.7421,45.6015,45.8948
BIPC,2022-03-02,45.9861,47.0028,45.9861,46.4488
BIPC,2022-03-03,46.879,46.9441,46.0611,46.1555
BIPC,2022-03-04,45.7906,46.1881,44.8196,45.3475
BIPC,2022-03-07,45.393,46.6639,44.9076,46.5075
BIPC,2022-03-08,46.5336,47.9283,46.4554,46.4684
BIPC,2022-03-09,46.5857,47.3221,46.4749,46.9181
BIPC,2022-03-10,46.7421,46.8203,45.9926,46.3055
BIPC,2022-03-11,46.338,46.6118,46.1295,46.1425
BIPC,2022-03-14,46.2925,46.7291,45.1324,45.3148
BIPC,2022-03-15,45.4908,45.4908,44.5457,45.2562
BIPC,2022-03-16,45.4843,46.0513,44.8651,45.4777
BIPC,2022-03-17,45.1518,46.0545,45.0866,45.6537
BIPC,2022-03-18,45.8818,46.4227,45.5788,45.8493
BIPC,2022-03-21,45.7125,46.9116,45.7125,46.3576
BIPC,2022-03-22,46.6053,47.0028,46.1946,46.8399
BIPC,2022-03-23,46.8659,46.8659,45.8166,45.8427
BIPC,2022-03-24,45.9665,47.2831,45.5885,47.257
BIPC,2022-03-25,47.3938,48.2672,47.081,48.215
BIPC,2022-03-28,48.2411,48.8667,48.0585,48.7625
BIPC,2022-03-29,49.16,49.4207,48.4365,49.1339
BIPC,2022-03-30,49.1013,49.5054,48.7625,49.5054
BIPC,2022-03-31,49.3425,49.6424,49.0948,49.1665
BIPC,2022-04-01,49.4664,50.1181,49.2644,50.1181
BIPC,2022-04-04,50.2289,50.4831,49.1013,50.1833
BIPC,2022-04-05,50.3592,51.3302,49.538,49.551
BIPC,2022-04-06,49.4859,49.714,48.8667,49.1274
BIPC,2022-04-07,49.3555,49.5576,48.6452,49.512
BIPC,2022-04-08,49.2317,50.3982,49.2317,49.9486
BIPC,2022-04-11,49.7205,49.7205,48.6386,48.8994
BIPC,2022-04-12,48.9906,49.9605,48.7755,48.8603
BIPC,2022-04-13,48.9906,49.4924,48.8407,49.4534
BIPC,2022-04-14,49.6358,51.415,49.4924,51.0631
BIPC,2022-04-18,50.9328,51.3954,50.1572,51.1543
BIPC,2022-04-19,51.3043,52.0317,51.1022,51.2325
BIPC,2022-04-20,51.8516,52.4382,51.3108,51.3824
BIPC,2022-04-21,51.6693,51.6693,49.9421,50.1441
BIPC,2022-04-22,49.9421,50.1116,48.9564,49.1078
BIPC,2022-04-25,48.6777,49.0427,47.4851,48.9645
BIPC,2022-04-26,48.7951,48.7951,46.5596,47.2439
BIPC,2022-04-27,46.9963,47.6481,46.5531,46.8464
BIPC,2022-04-28,47.3808,48.2328,46.716,47.4982
BIPC,2022-04-29,47.1462,47.3601,46.0774,46.2207
BIPC,2022-05-02,46.338,46.338,44.6338,45.3083
BIPC,2022-05-03,45.1584,45.9339,45.1063,45.6276
BIPC,2022-05-04,46.0513,47.1788,45.2301,47.055
BIPC,2022-05-05,46.9311,46.9311,44.8326,45.5429
BIPC,2022-05-06,45.3017,45.9046,44.8391,45.7775
BIPC,2022-05-09,45.2626,45.4582,44.4871,45.2432
BIPC,2022-05-10,45.784,46.1229,43.7716,44.6631
BIPC,2022-05-11,44.6956,45.6211,44.3436,44.8912
BIPC,2022-05-12,44.7544,44.7544,43.8844,44.6696
BIPC,2022-05-13,45.0542,46.149,44.9889,45.569
BIPC,2022-05-16,45.4516,46.7095,45.2626,46.312
BIPC,2022-05-17,46.9572,47.3613,46.3771,47.1136
BIPC,2022-05-18,46.7291,47.0452,46.1295,46.4292
BIPC,2022-05-19,46.4032,46.9116,46.1751,46.2859
BIPC,2022-05-20,46.3967,46.9506,45.9926,46.8334
BIPC,2022-05-23,47.6154,48.9124,47.3938,48.6192
BIPC,2022-05-24,48.6974,49.5315,48.2281,49.4534
BIPC,2022-05-25,49.551,49.9942,48.6647,48.9906
BIPC,2022-05-26,48.9971,49.0296,47.6611,47.7327
BIPC,2022-05-27,47.8772,48.1858,46.8792,47.2732
BIPC,2022-05-31,47.3519,47.6605,46.2226,46.321
BIPC,2022-06-01,46.3999,46.4065,45.7072,46.2816
BIPC,2022-06-02,46.5575,47.3388,46.1964,47.1286
BIPC,2022-06-03,46.9383,46.9908,46.2292,46.4525
BIPC,2022-06-06,46.3999,46.4787,45.3953,45.717
BIPC,2022-06-07,45.96,46.0059,45.1655,45.96
BIPC,2022-06-08,45.4413,45.8845,45.0998,45.5201
BIPC,2022-06-09,45.3165,45.8418,45.0736,45.5201
BIPC,2022-06-10,45.0342,45.5332,44.6534,45.3101
BIPC,2022-06-13,44.5056,45.3526,43.4617,43.708
BIPC,2022-06-14,43.5503,43.9197,43.2057,43.6193
BIPC,2022-06-15,44.161,44.3777,43.1269,43.8261
BIPC,2022-06-16,42.9693,43.1909,42.5556,42.8511
BIPC,2022-06-17,43.0678,43.5701,42.0453,42.3883
BIPC,2022-06-21,42.4473,42.4572,40.645,40.7041
BIPC,2022-06-22,40.2905,40.6232,39.7784,40.2314
BIPC,2022-06-23,40.3496,40.4973,39.089,39.2269
BIPC,2022-06-24,39.2958,40.5958,39.281,40.5958
BIPC,2022-06-27,40.6549,41.5807,40.1724,41.364
BIPC,2022-06-28,41.748,42.0362,41.1473,41.1965
BIPC,2022-06-29,41.4428,41.4428,40.6648,41.1277
BIPC,2022-06-30,40.842,42.1332,40.7927,41.8564
BIPC,2022-07-01,42.0435,42.4178,41.6004,42.2799
BIPC,2022-07-05,41.9253,42.0682,39.808,40.97
BIPC,2022-07-06,40.97,41.5019,40.6815,41.4625
BIPC,2022-07-07,41.7974,42.211,41.6595,41.9647
BIPC,2022-07-08,41.7678,42.0435,41.4723,41.8072
BIPC,2022-07-11,41.3836,41.4871,40.7435,40.97
BIPC,2022-07-12,41.1473,41.9155,40.842,41.8466
BIPC,2022-07-13,41.7284,42.4276,41.0292,41.9352
BIPC,2022-07-14,41.2064,41.5117,40.6648,41.2261
BIPC,2022-07-15,41.7087,42.1026,40.7829,41.8269
BIPC,2022-07-18,42.0337,42.2463,40.8716,40.8913
BIPC,2022-07-19,41.3344,42.142,41.295,41.6693
BIPC,2022-07-20,41.7186,41.9155,40.9946,41.5609
BIPC,2022-07-21,41.364,41.9303,41.1277,41.886
BIPC,2022-07-22,42.1125,42.5656,41.758,41.9451
BIPC,2022-07-25,42.2307,43.2796,42.1655,43.1367
BIPC,2022-07-26,43.1171,43.5503,42.8905,43.2746
BIPC,2022-07-27,43.6489,43.8754,43.2254,43.7276
BIPC,2022-07-28,43.9935,44.6928,43.5011,44.6042
BIPC,2022-07-29,44.9587,45.3132,44.5747,45.1163
BIPC,2022-08-01,44.7223,45.0572,43.8705,44.4564
BIPC,2022-08-02,44.7322,45.2246,44.4368,44.6829
BIPC,2022-08-03,44.88,46.1799,44.7125,46.042
BIPC,2022-08-04,46.3079,46.3079,45.3034,45.9928
BIPC,2022-08-05,45.7762,46.5953,45.5299,46.4656
BIPC,2022-08-08,47.0072,47.2732,45.9436,46.111
BIPC,2022-08-09,46.2883,46.441,45.7136,46.2685
BIPC,2022-08-10,46.7511,47.1747,46.3572,46.8398
BIPC,2022-08-11,47.214,47.7853,46.8201,46.9088
BIPC,2022-08-12,47.1155,47.4651,46.9481,47.1648
BIPC,2022-08-15,46.7216,47.3421,46.3375,47.0959
BIPC,2022-08-16,47.3224,47.7951,46.6823,47.4701
BIPC,2022-08-17,47.3224,47.8739,47.0959,47.6868
BIPC,2022-08-18,47.933,48.6519,47.7262,48.455
BIPC,2022-08-19,48.1989,48.7307,47.8148,47.9822
BIPC,2022-08-22,47.7656,47.8443,46.6625,47.283
BIPC,2022-08-23,47.0171,47.8345,46.8102,47.6178
BIPC,2022-08-24,47.0269,48.4156,47.0269,48.3171
BIPC,2022-08-25,48.4452,49.0065,48.3269,48.9474
BIPC,2022-08-26,48.9474,49.1247,47.6376,48.1102
BIPC,2022-08-29,47.8148,48.7657,47.8148,48.4254
BIPC,2022-08-30,48.5246,48.5742,47.4829,47.721
BIPC,2022-08-31,47.6615,47.7706,47.0067,47.225
BIPC,2022-09-01,46.7983,47.0067,45.8856,46.4809
BIPC,2022-09-02,46.5801,47.4135,46.4313,46.7785
BIPC,2022-09-06,47.1158,47.9294,46.7509,47.4531
BIPC,2022-09-07,47.6218,47.9631,47.2855,47.7309
BIPC,2022-09-08,47.344,48.0385,47.2845,47.9889
BIPC,2022-09-09,48.4552,48.9016,48.3262,48.3957
BIPC,2022-09-12,48.7528,49.3878,48.7528,49.2092
BIPC,2022-09-13,48.3361,48.7826,47.8847,48.098
BIPC,2022-09-14,48.3659,48.9863,48.098,48.5643
BIPC,2022-09-15,48.3659,48.4254,47.5524,47.9591
BIPC,2022-09-16,47.9393,48.8421,47.1257,48.7131
BIPC,2022-09-19,48.1774,49.6259,48.1774,48.6834
BIPC,2022-09-20,48.2468,49.0604,47.9095,48.9711
BIPC,2022-09-21,49.229,49.6308,48.2766,48.2766
BIPC,2022-09-22,48.0484,48.2716,47.4978,47.6516
BIPC,2022-09-23,47.0464,47.1257,46.0741,46.709
BIPC,2022-09-26,46.5106,46.6297,44.5363,44.8835
BIPC,2022-09-27,45.3399,45.5135,43.6434,43.9311
BIPC,2022-09-28,44.1494,44.2188,42.8299,43.1771
BIPC,2022-09-29,43.058,43.058,40.5678,41.2226
BIPC,2022-09-30,41.173,41.7187,40.3694,40.3793
BIPC,2022-10-03,40.9349,41.8377,40.5182,41.3417
BIPC,2022-10-04,41.9568,42.6017,41.8179,42.3834
BIPC,2022-10-05,41.9369,41.9369,40.4289,41.4508
BIPC,2022-10-06,41.3417,41.3417,39.0003,39.2285
BIPC,2022-10-07,38.8911,39.288,37.9685,38.2859
BIPC,2022-10-10,38.2463,38.7126,38.0478,38.4149
BIPC,2022-10-11,38.1074,38.2859,37.2492,37.9685
BIPC,2022-10-12,38.0578,38.6431,37.5121,38.4546
BIPC,2022-10-13,37.9189,39.8039,37.6014,39.4864
BIPC,2022-10-14,39.417,39.9329,38.3058,38.7026
BIPC,2022-10-17,39.536,40.2305,39.4666,39.6451
BIPC,2022-10-18,40.3396,40.8058,39.9229,40.6174
BIPC,2022-10-19,40.925,41.3119,40.29,40.9944
BIPC,2022-10-20,41.2623,41.5599,40.1114,40.2206
BIPC,2022-10-21,40.3793,40.6273,39.6253,39.9725
BIPC,2022-10-24,40.2305,40.4587,39.4964,40.2107
BIPC,2022-10-25,40.0023,42.3239,40.0023,42.2842
BIPC,2022-10-26,42.5719,43.445,42.3834,43.1473
BIPC,2022-10-27,43.5938,43.8418,43.0184,43.4648
BIPC,2022-10-28,43.7128,43.8319,43.0779,43.4946
BIPC,2022-10-31,43.3557,43.3557,42.3933,42.7802
BIPC,2022-11-01,43.6037,43.6037,42.7009,42.8001
BIPC,2022-11-02,42.185,43.6682,42.0957,42.5521
BIPC,2022-11-03,41.8179,42.0163,41.2127,41.2623
BIPC,2022-11-04,41.7881,43.0977,41.6294,42.5917
BIPC,2022-11-07,42.6116,42.8894,41.7088,42.1155
BIPC,2022-11-08,42.3338,43.2862,42.1552,42.7108
BIPC,2022-11-09,42.2643,42.7406,42.056,42.0957
BIPC,2022-11-10,43.4946,44.6454,43.3656,44.4966
BIPC,2022-11-11,44.6157,44.8935,44.1196,44.5958
BIPC,2022-11-14,44.5462,44.953,44.1097,44.3875
BIPC,2022-11-15,44.6851,45.201,44.0898,44.5859
BIPC,2022-11-16,44.328,45.0224,44.328,44.9332
BIPC,2022-11-17,44.318,44.7645,44.0105,44.6653
BIPC,2022-11-18,45.201,45.5483,44.4272,44.9728
BIPC,2022-11-21,44.7943,45.5681,44.7248,45.3498
BIPC,2022-11-22,45.7864,45.836,45.1812,45.7368
BIPC,2022-11-23,45.6376,45.8924,45.201,45.7268
BIPC,2022-11-25,45.9352,46.5404,45.6624,45.7665
BIPC,2022-11-28,45.5582,45.5582,44.8538,45.33
BIPC,2022-11-29,45.44,45.98,45.055,45.8
BIPC,2022-11-30,45.8,46.98,45.52,46.88
BIPC,2022-12-01,47.17,47.99,45.59,45.68
BIPC,2022-12-02,45.16,45.23,44.055,44.41
BIPC,2022-12-05,44.08,44.73,43.42,44.12
BIPC,2022-12-06,44.17,44.17,41.85,42.37
BIPC,2022-12-07,42.22,42.8,41.15,42.45
BIPC,2022-12-08,42.65,43.63,42.6065,43.14
BIPC,2022-12-09,43.14,43.68,42.89,43.27
BIPC,2022-12-12,43.35,44.01,43.35,43.88
BIPC,2022-12-13,45.0,45.34,43.87,43.98
BIPC,2022-12-14,44.0,44.49,42.53,42.53
BIPC,2022-12-15,42.15,42.61,41.09,41.5
BIPC,2022-12-16,40.88,41.215,40.2,41.05
BIPC,2022-12-19,40.88,41.16,40.11,40.67
BIPC,2022-12-20,40.42,41.08,40.21,40.34
BIPC,2022-12-21,40.41,41.49,40.13,41.49
BIPC,2022-12-22,41.1,41.19,40.0692,40.46
BIPC,2022-12-23,40.31,41.06,40.2507,40.43
BIPC,2022-12-27,40.51,40.62,39.93,40.29
BIPC,2022-12-28,40.3,40.61,39.09,39.15
BIPC,2022-12-29,39.26,40.04,39.26,39.84
BIPC,2022-12-30,39.68,39.88,38.78,38.9
BIPC,2023-01-03,39.38,39.48,38.42,38.83
BIPC,2023-01-04,39.24,40.38,38.93,40.22
BIPC,2023-01-05,40.0,40.0,39.32,39.53
BIPC,2023-01-06,40.04,41.23,39.81,41.23
BIPC,2023-01-09,41.57,42.49,41.44,42.37
BIPC,2023-01-10,42.3,42.3883,41.32,42.09
BIPC,2023-01-11,42.12,43.12,42.12,42.81
BIPC,2023-01-12,43.16,43.46,42.53,43.27
BIPC,2023-01-13,43.2,43.58,42.78,43.31
BIPC,2023-01-17,43.33,43.885,43.2101,43.32
BIPC,2023-01-18,43.53,43.825,42.88,42.91
BIPC,2023-01-19,42.78,43.3,42.47,43.09
BIPC,2023-01-20,43.36,44.91,42.88,44.91
BIPC,2023-01-23,44.96,45.775,44.53,45.35
BIPC,2023-01-24,45.31,46.01,45.26,45.69
BIPC,2023-01-25,45.49,45.95,44.83,45.73
BIPC,2023-01-26,46.1,46.1,45.01,45.14
BIPC,2023-01-27,44.97,45.19,44.24,44.28
BIPC,2023-01-30,44.0,44.1,43.14,43.19
BIPC,2023-01-31,43.35,44.22,42.78,44.22
BIPC,2023-02-01,43.81,44.08,42.59,43.75
BIPC,2023-02-02,43.81,44.465,43.37,44.4
BIPC,2023-02-03,43.98,44.68,43.35,43.57
BIPC,2023-02-06,43.03,43.11,42.27,43.05
BIPC,2023-02-07,42.71,43.3,42.35,42.97
BIPC,2023-02-08,42.65,42.754,41.5,41.75
BIPC,2023-02-09,42.14,43.01,42.045,42.23
BIPC,2023-02-10,42.09,43.049,42.0,42.64
BIPC,2023-02-13,42.65,43.1,42.44,43.04
BIPC,2023-02-14,43.0,43.51,42.57,43.42
BIPC,2023-02-15,43.04,43.54,42.745,43.41
BIPC,2023-02-16,42.84,43.14,42.21,42.78
BIPC,2023-02-17,42.98,43.8,42.65,43.44
BIPC,2023-02-21,43.07,43.69,42.62,43.12
BIPC,2023-02-22,43.13,43.98,43.0,43.66
BIPC,2023-02-23,43.9,44.48,43.23,44.18
BIPC,2023-02-24,43.89,44.28,43.29,44.28
BIPC,2023-02-27,44.26,44.83,43.25,43.76
BIPC,2023-02-28,43.5,44.14,42.87,43.21
BIPC,2023-03-01,43.15,44.0122,42.86,43.5
BIPC,2023-03-02,43.07,44.3322,43.0,43.75
BIPC,2023-03-03,44.22,44.29,43.37,43.92
BIPC,2023-03-06,44.0,45.0,44.0,44.99
BIPC,2023-03-07,45.09,45.09,43.26,43.27
BIPC,2023-03-08,43.2,43.97,43.11,43.95
BIPC,2023-03-09,44.01,44.3,43.41,43.53
BIPC,2023-03-10,43.35,43.52,42.16,42.89
BIPC,2023-03-13,42.41,44.105,42.295,43.86
BIPC,2023-03-14,44.4,44.97,43.82,44.81
BIPC,2023-03-15,44.06,44.06,42.66,43.88
BIPC,2023-03-16,43.37,45.25,43.25,45.09
BIPC,2023-03-17,45.12,45.12,43.67,44.31
BIPC,2023-03-20,44.51,44.65,43.56,44.56
BIPC,2023-03-21,44.9,45.16,43.87,44.12
BIPC,2023-03-22,43.91,44.935,43.58,43.86
BIPC,2023-03-23,43.94,44.65,43.25,43.89
BIPC,2023-03-24,43.65,43.96,43.16,43.87
BIPC,2023-03-27,44.05,44.64,43.77,44.16
BIPC,2023-03-28,43.98,45.06,43.98,44.56
BIPC,2023-03-29,44.9,45.42,44.81,45.3
BIPC,2023-03-30,45.56,45.8,45.26,45.47
BIPC,2023-03-31,45.67,46.33,45.63,46.06
BIPC,2023-04-03,46.21,46.82,45.87,46.74
BIPC,2023-04-04,46.81,46.835,45.23,45.64
BIPC,2023-04-05,45.36,46.09,45.36,45.77
BIPC,2023-04-06,46.16,46.27,45.66,46.09
BIPC,2023-04-10,46.05,46.06,45.175,45.89
BIPC,2023-04-11,45.95,46.45,45.8101,46.25
BIPC,2023-04-12,43.0,45.58,42.52,43.41
BIPC,2023-04-13,43.7,45.385,43.35,45.29
BIPC,2023-04-14,45.25,45.47,44.62,45.05
BIPC,2023-04-17,45.19,45.27,44.18,44.97
BIPC,2023-04-18,45.09,45.345,44.73,45.18
BIPC,2023-04-19,45.25,45.25,44.25,44.47
BIPC,2023-04-20,44.08,44.44,43.68,43.7
BIPC,2023-04-21,43.95,43.95,43.005,43.42
BIPC,2023-04-24,43.35,43.59,42.995,43.3
BIPC,2023-04-25,42.99,43.18,42.66,42.76
BIPC,2023-04-26,42.42,42.78,42.1,42.16
BIPC,2023-04-27,42.19,42.74,41.98,42.6
BIPC,2023-04-28,42.28,42.78,42.26,42.6
BIPC,2023-05-01,42.5,42.7799,42.28,42.36
BIPC,2023-05-02,42.12,42.3,41.05,41.56
BIPC,2023-05-03,41.55,43.2,41.55,42.48
BIPC,2023-05-04,42.27,42.53,41.36,42.26
BIPC,2023-05-05,42.71,43.519,42.65,43.33
BIPC,2023-05-08,43.58,44.54,43.58,43.98
BIPC,2023-05-09,43.67,44.9,43.6,44.69
BIPC,2023-05-10,44.99,45.68,44.12,44.76
BIPC,2023-05-11,44.56,45.39,44.27,45.13
BIPC,2023-05-12,45.33,46.15,45.13,45.95
BIPC,2023-05-15,45.99,47.3973,45.98,47.22
BIPC,2023-05-16,46.91,47.23,46.26,46.31
BIPC,2023-05-17,46.32,47.0,45.95,46.7
BIPC,2023-05-18,46.46,47.02,46.1,47.0
BIPC,2023-05-19,47.62,47.85,46.38,46.85
BIPC,2023-05-22,46.92,47.58,46.51,47.13
BIPC,2023-05-23,46.72,47.7,46.72,47.57
BIPC,2023-05-24,47.27,47.51,45.97,45.97
BIPC,2023-05-25,45.74,46.1,44.86,46.04
BIPC,2023-05-26,45.91,47.06,45.81,47.02
BIPC,2023-05-30,46.74,46.91,46.135,46.82
BIPC,2023-05-31,46.72,46.97,45.97,46.1
BIPC,2023-06-01,46.25,46.47,45.45,46.17
BIPC,2023-06-02,46.26,47.211,46.055,47.11
BIPC,2023-06-05,46.98,47.47,46.64,46.82
BIPC,2023-06-06,46.95,47.75,46.95,47.33
BIPC,2023-06-07,47.43,48.07,47.42,47.88
BIPC,2023-06-08,47.76,47.79,47.265,47.71
BIPC,2023-06-09,47.58,48.23,47.53,47.92
BIPC,2023-06-12,47.99,48.08,47.45,47.46
BIPC,2023-06-13,47.38,48.03,47.28,47.34
BIPC,2023-06-14,47.2,47.78,46.35,46.54
BIPC,2023-06-15,46.37,47.01,46.1647,46.58
BIPC,2023-06-16,47.04,47.04,45.63,45.71
BIPC,2023-06-20,45.39,45.758,44.9,45.39
BIPC,2023-06-21,45.18,46.3,44.9075,46.14
BIPC,2023-06-22,46.15,46.52,45.8,46.52
BIPC,2023-06-23,46.2,46.68,45.0,45.15
BIPC,2023-06-26,45.18,45.76,44.89,45.45
BIPC,2023-06-27,45.18,45.65,44.8,45.1
BIPC,2023-06-28,44.84,45.36,43.66,44.29
BIPC,2023-06-29,44.0,45.21,43.82,45.18
BIPC,2023-06-30,45.2,45.93,45.2,45.58
BIPC,2023-07-03,45.44,45.96,45.37,45.53
BIPC,2023-07-05,45.53,46.35,45.29,46.05
BIPC,2023-07-06,45.7,45.7,44.12,44.91
BIPC,2023-07-07,44.74,45.8,44.71,45.56
BIPC,2023-07-10,45.5,45.76,44.59,44.79
BIPC,2023-07-11,44.76,45.28,44.37,45.17
BIPC,2023-07-12,45.54,46.47,45.54,46.27
BIPC,2023-07-13,46.26,47.0846,46.19,46.9
BIPC,2023-07-14,46.73,47.4,46.64,46.92
BIPC,2023-07-17,46.81,47.09,46.49,46.8
BIPC,2023-07-18,47.01,47.4425,46.411,46.47
BIPC,2023-07-19,46.34,46.89,46.03,46.51
BIPC,2023-07-20,46.49,46.88,46.13,46.54
BIPC,2023-07-21,46.71,46.95,46.32,46.38
BIPC,2023-07-24,46.36,47.245,46.36,47.13
BIPC,2023-07-25,47.23,47.31,46.71,46.95
BIPC,2023-07-26,46.84,47.14,46.5,46.87
BIPC,2023-07-27,46.88,47.005,46.05,46.1
BIPC,2023-07-28,46.41,46.78,46.15,46.19
BIPC,2023-07-31,46.03,46.799,46.03,46.72
BIPC,2023-08-01,46.36,46.39,45.2,45.31
BIPC,2023-08-02,45.0,45.0,43.25,43.34
BIPC,2023-08-03,42.75,43.25,41.4,41.69
BIPC,2023-08-04,41.82,43.14,41.82,42.34
BIPC,2023-08-07,42.81,42.81,40.77,41.93
BIPC,2023-08-08,41.47,41.92,41.08,41.77
BIPC,2023-08-09,42.34,42.69,41.63,41.78
BIPC,2023-08-10,41.99,42.5,41.9,42.28
BIPC,2023-08-11,42.5,42.55,41.92,42.43
BIPC,2023-08-14,42.55,42.55,41.81,42.35
BIPC,2023-08-15,42.19,42.19,40.56,40.66
BIPC,2023-08-16,40.65,40.93,39.65,39.97
BIPC,2023-08-17,39.94,40.05,38.99,39.03
BIPC,2023-08-18,38.9,39.43,38.54,39.3
BIPC,2023-08-21,39.51,39.51,37.765,38.81
BIPC,2023-08-22,39.01,39.125,38.34,38.54
BIPC,2023-08-23,38.73,39.43,38.6401,39.23
BIPC,2023-08-24,39.1,39.23,38.09,38.37
BIPC,2023-08-25,38.43,39.21,38.2358,39.02
BIPC,2023-08-28,39.03,39.56,38.82,38.83
BIPC,2023-08-29,39.04,39.25,38.73,39.1
BIPC,2023-08-30,38.62,39.1486,38.6,38.64
BIPC,2023-08-31,39.08,39.08,38.52,38.85
BIPC,2023-09-01,39.04,39.37,38.195,38.36
BIPC,2023-09-05,38.24,38.24,36.89,37.55
BIPC,2023-09-06,37.35,37.35,36.205,36.48
BIPC,2023-09-07,36.4,36.99,36.1001,36.75
BIPC,2023-09-08,37.14,37.23,36.5,36.51
BIPC,2023-09-11,36.69,37.69,36.67,37.55
BIPC,2023-09-12,37.31,37.97,37.19,37.53
BIPC,2023-09-13,37.35,37.62,36.83,37.55
BIPC,2023-09-14,37.73,38.77,37.73,38.45
BIPC,2023-09-15,38.39,38.58,37.74,37.83
BIPC,2023-09-18,37.73,37.8832,37.24,37.72
BIPC,2023-09-19,37.85,38.0,37.25,37.26
BIPC,2023-09-20,37.43,37.58,36.99,37.11
BIPC,2023-09-21,36.8,37.46,36.76,37.13
BIPC,2023-09-22,37.28,37.6263,37.1,37.5
BIPC,2023-09-25,37.43,37.8,37.43,37.62
BIPC,2023-09-26,37.52,37.73,37.1243,37.42
BIPC,2023-09-27,37.5,37.83,35.31,35.62
BIPC,2023-09-28,35.79,36.37,35.34,36.2
BIPC,2023-09-29,36.68,36.79,35.19,35.34
BIPC,2023-10-02,35.25,35.35,32.95,33.3
BIPC,2023-10-03,32.97,33.23,32.66,32.95
BIPC,2023-10-04,32.95,33.38,32.43,33.31
BIPC,2023-10-05,33.18,34.28,33.16,33.68
BIPC,2023-10-06,33.29,33.41,31.97,33.25
BIPC,2023-10-09,32.57,33.67,32.39,33.17
BIPC,2023-10-10,33.57,34.03,33.17,33.87
BIPC,2023-10-11,34.14,34.42,33.77,34.12
BIPC,2023-10-12,33.99,34.1325,33.205,33.33
BIPC,2023-10-13,33.59,33.59,30.79,30.98
BIPC,2023-10-16,31.15,31.38,30.13,30.78
BIPC,2023-10-17,30.55,31.36,30.55,30.66
BIPC,2023-10-18,30.49,30.62,29.88,30.33
BIPC,2023-10-19,30.21,30.28,28.97,29.25
BIPC,2023-10-20,29.15,29.74,29.13,29.7
BIPC,2023-10-23,29.39,30.34,29.371,29.46
BIPC,2023-10-24,29.6,29.88,29.17,29.27
BIPC,2023-10-25,29.0,29.4,27.1,27.55
BIPC,2023-10-26,27.7,28.11,26.94,27.03
BIPC,2023-10-27,26.93,27.03,25.66,25.92
BIPC,2023-10-30,26.21,26.63,25.48,26.06
BIPC,2023-10-31,25.94,26.145,25.54,25.76
BIPC,2023-11-01,26.25,28.46,25.86,28.43
BIPC,2023-11-02,28.74,31.1,28.74,30.74
BIPC,2023-11-03,31.66,31.66,30.11,30.62
BIPC,2023-11-06,30.53,31.31,30.5,31.07
BIPC,2023-11-07,30.84,30.84,29.77,29.97
BIPC,2023-11-08,30.04,31.06,29.62,31.01
BIPC,2023-11-09,31.15,31.15,29.58,29.69
BIPC,2023-11-10,29.73,30.07,29.05,29.62
BIPC,2023-11-13,29.53,29.73,29.0,29.18
BIPC,2023-11-14,30.36,30.76,29.85,30.68
BIPC,2023-11-15,30.55,31.915,30.55,31.81
BIPC,2023-11-16,31.63,31.96,31.22,31.74
BIPC,2023-11-17,31.91,32.13,31.49,31.72
BIPC,2023-11-20,31.76,32.32,31.1512,31.83
BIPC,2023-11-21,31.62,31.89,31.05,31.33
BIPC,2023-11-22,31.61,32.04,31.2,31.72
BIPC,2023-11-24,31.87,32.35,31.73,32.16
BIPC,2023-11-27,31.94,32.19,31.49,31.83
BIPC,2023-11-28,31.75,32.48,31.75,31.99
BIPC,2023-11-29,31.85,32.28,30.98,31.39
BIPC,2023-11-30,31.4,31.4,30.19,31.06
BIPC,2023-12-01,31.2,33.18,31.141,32.88
BIPC,2023-12-04,32.46,33.45,32.24,32.94
BIPC,2023-12-05,32.82,32.99,31.61,31.72
BIPC,2023-12-06,32.02,32.56,31.81,32.25
BIPC,2023-12-07,32.5,32.6,31.78,32.56
BIPC,2023-12-08,32.47,32.97,32.36,32.81
BIPC,2023-12-11,32.58,32.94,32.37,32.9
BIPC,2023-12-12,33.0,33.0,31.86,32.68
BIPC,2023-12-13,32.82,33.82,31.82,33.76
BIPC,2023-12-14,34.52,35.95,34.33,35.94
BIPC,2023-12-15,36.0,36.0,34.6175,34.91
BIPC,2023-12-18,34.73,35.1037,34.15,34.78
BIPC,2023-12-19,35.2,35.92,34.64,34.9
BIPC,2023-12-20,34.7,35.54,34.6,34.66
BIPC,2023-12-21,34.89,35.76,34.82,35.58
BIPC,2023-12-22,35.66,36.31,35.47,35.62
BIPC,2023-12-26,35.84,36.085,35.62,35.96
BIPC,2023-12-27,35.85,36.11,35.315,35.35
BIPC,2023-12-28,35.01,35.62,34.95,35.4
BIPC,2023-12-29,35.07,35.45,34.88,35.28
BIPC,2024-01-02,34.85,36.21,34.85,35.28
BIPC,2024-01-03,35.03,35.2,34.668,34.73
BIPC,2024-01-04,34.93,35.07,34.59,34.7
BIPC,2024-01-05,34.61,35.4,34.29,34.75
BIPC,2024-01-08,35.15,36.41,34.537,36.26
BIPC,2024-01-09,35.75,35.76,34.79,35.28
BIPC,2024-01-10,35.19,36.27,35.18,35.98
BIPC,2024-01-11,35.84,35.96,34.835,35.49
BIPC,2024-01-12,36.09,36.448,34.77,34.98
BIPC,2024-01-16,34.74,35.36,34.4915,34.97
BIPC,2024-01-17,34.29,34.49,33.37,33.85
BIPC,2024-01-18,33.93,34.29,33.6322,34.07
BIPC,2024-01-19,34.17,34.74,33.5,34.7
BIPC,2024-01-22,34.95,35.71,34.71,35.12
BIPC,2024-01-23,35.47,35.96,35.11,35.58
BIPC,2024-01-24,36.48,36.48,34.6,34.71
BIPC,2024-01-25,35.35,35.77,34.92,35.5
BIPC,2024-01-26,35.7,35.9464,34.93,34.93
BIPC,2024-01-29,35.21,36.34,34.83,35.96
BIPC,2024-01-30,35.62,35.93,35.27,35.75
BIPC,2024-01-31,36.0,36.2,34.86,35.01
BIPC,2024-02-01,35.67,36.34,34.78,36.02
BIPC,2024-02-02,35.27,36.19,35.15,36.04
BIPC,2024-02-05,35.48,36.04,35.045,35.89
BIPC,2024-02-06,35.89,36.68,35.5,36.48
BIPC,2024-02-07,36.57,36.72,35.77,36.1
BIPC,2024-02-08,36.05,36.21,35.465,35.94
BIPC,2024-02-09,36.15,36.3,35.52,36.29
BIPC,2024-02-12,36.32,37.39,36.29,36.77
BIPC,2024-02-13,35.57,35.825,34.07,34.54
BIPC,2024-02-14,34.91,35.24,34.39,35.15
BIPC,2024-02-15,35.31,36.56,35.31,36.26
BIPC,2024-02-16,35.89,36.575,35.78,36.52
BIPC,2024-02-20,36.31,36.945,36.02,36.81
BIPC,2024-02-21,36.77,37.36,36.74,37.11
BIPC,2024-02-22,37.04,37.19,35.72,35.81
BIPC,2024-02-23,35.66,36.21,35.52,35.67
BIPC,2024-02-26,35.54,35.54,34.14,34.4
BIPC,2024-02-27,34.6,34.88,33.5,33.53
BIPC,2024-02-28,33.01,33.16,32.61,32.64
BIPC,2024-02-29,33.16,34.07,32.735,33.17
BIPC,2024-03-01,33.18,33.91,32.51,33.81
BIPC,2024-03-04,33.78,34.3,33.2,33.89
BIPC,2024-03-05,34.18,34.32,33.6736,34.28
BIPC,2024-03-06,34.9,35.0,33.885,34.6
BIPC,2024-03-07,35.1,35.215,34.335,34.72
BIPC,2024-03-08,34.75,35.72,34.74,35.26
BIPC,2024-03-11,35.12,35.42,34.1,34.67
BIPC,2024-03-12,34.5,35.0,34.03,34.14
BIPC,2024-03-13,34.16,34.7,34.0,34.14
BIPC,2024-03-14,34.0,34.18,32.84,33.09
BIPC,2024-03-15,33.07,34.24,32.98,33.89
BIPC,2024-03-18,33.78,33.8,33.25,33.3
BIPC,2024-03-19,33.16,34.07,32.92,33.66
BIPC,2024-03-20,33.42,34.66,33.42,34.42
BIPC,2024-03-21,34.56,35.0,34.12,34.46
BIPC,2024-03-22,34.6,34.69,33.93,34.19
BIPC,2024-03-25,34.3,34.4,33.94,34.14
BIPC,2024-03-26,34.42,34.9,34.0541,34.23
BIPC,2024-03-27,34.54,35.35,34.305,35.19
BIPC,2024-03-28,35.19,36.31,35.1,36.04
BIPC,2024-04-01,36.05,36.08,35.28,35.65
BIPC,2024-04-02,35.2,35.3,34.18,34.8
BIPC,2024-04-03,34.47,34.89,33.3,33.49
BIPC,2024-04-04,33.96,34.05,33.01,33.02
BIPC,2024-04-05,32.8,33.72,32.64,33.67
BIPC,2024-04-08,33.84,33.93,33.13,33.41
BIPC,2024-04-09,33.73,34.01,33.37,33.55
BIPC,2024-04-10,32.7,32.99,31.46,31.71
BIPC,2024-04-11,31.78,31.925,30.95,30.97
BIPC,2024-04-12,30.71,30.95,29.88,30.06
BIPC,2024-04-15,30.03,30.3,29.09,29.37
BIPC,2024-04-16,29.14,29.24,28.4725,28.9
BIPC,2024-04-17,29.11,30.06,28.92,29.66
BIPC,2024-04-18,29.72,30.1,29.43,29.91
BIPC,2024-04-19,29.79,30.965,29.79,30.88
BIPC,2024-04-22,30.88,31.81,30.74,31.3
BIPC,2024-04-23,31.3,32.06,31.3,31.68
BIPC,2024-04-24,31.6,31.8281,31.2,31.78
BIPC,2024-04-25,31.5,31.69,30.99,31.63
BIPC,2024-04-26,31.7,31.7646,31.15,31.3
BIPC,2024-04-29,31.47,31.64,30.94,31.16
BIPC,2024-04-30,30.82,31.04,30.41,30.47
BIPC,2024-05-01,30.8,31.88,29.3,31.23
BIPC,2024-05-02,31.6,32.65,31.28,32.54
BIPC,2024-05-03,33.18,33.62,33.0,33.36
BIPC,2024-05-06,33.76,34.14,33.51,33.81
BIPC,2024-05-07,33.9,34.18,33.59,33.93
BIPC,2024-05-08,33.71,34.47,33.52,34.17
BIPC,2024-05-09,34.21,35.04,34.09,34.97
BIPC,2024-05-10,34.99,35.4,34.335,34.73
BIPC,2024-05-13,35.01,35.06,34.25,34.36
BIPC,2024-05-14,35.05,35.05,33.88,33.98
BIPC,2024-05-15,34.41,35.08,34.01,34.57
BIPC,2024-05-16,34.6,34.95,34.48,34.93
BIPC,2024-05-17,35.02,35.62,34.635,35.57
BIPC,2024-05-20,35.48,35.96,35.35,35.36
BIPC,2024-05-21,35.22,35.46,35.03,35.46
BIPC,2024-05-22,35.2,35.83,35.07,35.76
BIPC,2024-05-23,35.79,35.84,34.68,35.0
BIPC,2024-05-24,35.25,35.63,34.75,35.54
BIPC,2024-05-28,35.76,36.01,35.06,35.35
BIPC,2024-05-29,34.84,34.9999,34.02,34.22
BIPC,2024-05-30,34.26,34.89,34.09,34.21
BIPC,2024-05-31,34.02,34.58,33.935,34.45
BIPC,2024-06-03,34.69,34.84,33.74,34.19
BIPC,2024-06-04,33.81,34.32,33.707,34.19
BIPC,2024-06-05,34.32,34.86,34.18,34.7
BIPC,2024-06-06,34.77,34.99,34.47,34.77
BIPC,2024-06-07,34.09,34.1,33.24,33.42
BIPC,2024-06-10,33.07,33.7,33.01,33.13
BIPC,2024-06-11,32.8,33.38,32.71,33.04
BIPC,2024-06-12,33.97,34.91,33.76,34.11
BIPC,2024-06-13,34.16,34.2626,33.53,33.97
BIPC,2024-06-14,33.59,33.79,33.155,33.68
BIPC,2024-06-17,33.42,33.66,32.83,33.54
BIPC,2024-06-18,33.43,33.82,33.06,33.32
BIPC,2024-06-20,33.11,34.2,33.11,34.09
BIPC,2024-06-21,34.34,34.43,33.69,33.74
BIPC,2024-06-24,33.97,34.51,33.48,33.5
BIPC,2024-06-25,33.41,33.62,33.1,33.46
BIPC,2024-06-26,33.12,33.6998,32.83,33.39
BIPC,2024-06-27,33.37,33.99,33.14,33.82
BIPC,2024-06-28,33.98,34.1,33.41,33.66
BIPC,2024-07-01,33.81,33.98,32.82,33.05
BIPC,2024-07-02,33.15,33.98,33.075,33.76
BIPC,2024-07-03,34.05,34.7999,33.91,33.93
BIPC,2024-07-05,34.18,34.47,33.84,33.85
BIPC,2024-07-08,34.18,34.42,33.9119,34.31
BIPC,2024-07-09,34.24,34.24,33.78,33.85
BIPC,2024-07-10,34.09,35.37,34.0,35.0
BIPC,2024-07-11,35.51,36.26,35.36,35.83
BIPC,2024-07-12,36.16,36.55,36.01,36.18
BIPC,2024-07-15,36.1,37.28,35.91,37.24
BIPC,2024-07-16,37.37,38.48,37.28,38.35
BIPC,2024-07-17,38.26,39.23,38.25,39.17
BIPC,2024-07-18,38.7,39.46,38.32,38.47
BIPC,2024-07-19,38.37,38.61,37.61,38.11
BIPC,2024-07-22,38.3,38.7,37.87,38.38
BIPC,2024-07-23,38.22,39.27,38.06,38.54
BIPC,2024-07-24,38.41,38.91,37.69,37.88
BIPC,2024-07-25,37.95,38.795,37.64,38.33
BIPC,2024-07-26,39.0,39.16,38.55,38.74
BIPC,2024-07-29,38.64,38.74,37.875,38.17
BIPC,2024-07-30,38.27,38.7,37.89,38.52
BIPC,2024-07-31,38.78,39.84,38.507,38.96
BIPC,2024-08-01,39.43,40.38,37.91,38.57
BIPC,2024-08-02,37.41,38.34,37.41,37.86
BIPC,2024-08-05,35.98,37.52,35.695,36.77
BIPC,2024-08-06,36.75,37.515,36.49,36.97
BIPC,2024-08-07,37.49,37.68,36.09,36.37
BIPC,2024-08-08,36.68,37.32,36.44,36.67
BIPC,2024-08-09,36.72,37.34,35.89,37.28
BIPC,2024-08-12,37.26,37.49,36.565,36.69
BIPC,2024-08-13,37.03,37.53,36.7899,37.25
BIPC,2024-08-14,37.17,37.73,36.98,37.57
BIPC,2024-08-15,38.27,38.83,38.025,38.13
BIPC,2024-08-16,38.215,38.57,37.8,38.5
BIPC,2024-08-19,38.7,39.36,38.66,39.24
BIPC,2024-08-20,39.2,39.375,38.68,39.0
BIPC,2024-08-21,39.45,39.67,39.075,39.2
BIPC,2024-08-22,39.24,39.71,39.07,39.42
BIPC,2024-08-23,39.9,41.31,39.6,41.06
BIPC,2024-08-26,41.0,41.58,40.85,40.88
BIPC,2024-08-27,40.75,41.17,40.52,40.86
BIPC,2024-08-28,40.81,41.0,39.9648,40.33
BIPC,2024-08-29,40.65,40.9,40.32,40.68
BIPC,2024-08-30,40.61,40.79,39.87,40.7
BIPC,2024-09-03,40.475,40.56,38.73,39.01
BIPC,2024-09-04,39.0,40.47,38.85,40.3
BIPC,2024-09-05,40.68,41.1682,40.33,40.66
BIPC,2024-09-06,40.73,40.73,39.3,39.62
BIPC,2024-09-09,39.85,40.17,39.63,39.65
BIPC,2024-09-10,39.7,40.325,39.56,40.29
BIPC,2024-09-11,40.0,40.605,39.54,40.35
BIPC,2024-09-12,40.615,41.54,40.53,41.27
BIPC,2024-09-13,41.61,42.34,41.43,41.71
BIPC,2024-09-16,41.98,42.26,41.62,42.11
BIPC,2024-09-17,42.46,42.46,41.415,41.54
BIPC,2024-09-18,41.76,41.98,41.16,41.44
BIPC,2024-09-19,42.37,42.51,41.51,42.32
BIPC,2024-09-20,42.15,42.72,41.9442,42.45
BIPC,2024-09-23,42.505,42.78,42.07,42.3
BIPC,2024-09-24,42.51,42.89,42.3,42.78
BIPC,2024-09-25,42.84,43.07,42.32,42.51
BIPC,2024-09-26,43.15,43.9,42.68,43.01
BIPC,2024-09-27,43.35,43.74,43.16,43.39
BIPC,2024-09-30,43.33,43.5,42.9197,43.43
BIPC,2024-10-01,43.47,43.47,42.25,42.73
BIPC,2024-10-02,42.51,42.92,41.75,41.91
BIPC,2024-10-03,41.7,41.76,41.22,41.49
BIPC,2024-10-04,41.71,42.07,41.54,42.0
BIPC,2024-10-07,41.925,41.925,40.91,41.63
BIPC,2024-10-08,41.545,41.76,41.1,41.45
BIPC,2024-10-09,41.3,41.98,41.3,41.59
BIPC,2024-10-10,41.22,41.39,40.76,41.07
BIPC,2024-10-11,40.93,41.45,40.88,41.3
BIPC,2024-10-14,41.46,42.36,41.2832,42.14
BIPC,2024-10-15,41.83,42.27,41.71,41.89
BIPC,2024-10-16,42.34,43.19,42.08,43.0
BIPC,2024-10-17,43.08,43.76,42.845,43.73
BIPC,2024-10-18,44.0,44.03,43.275,43.63
BIPC,2024-10-21,43.64,43.73,43.17,43.24
BIPC,2024-10-22,43.14,43.89,42.87,43.87
BIPC,2024-10-23,43.7,43.89,43.13,43.53
BIPC,2024-10-24,43.5,43.69,43.0781,43.57
BIPC,2024-10-25,43.82,43.97,43.1,43.23
BIPC,2024-10-28,43.69,44.135,43.53,43.86
BIPC,2024-10-29,43.69,43.69,43.05,43.43
BIPC,2024-10-30,43.15,43.63,42.71,42.74
BIPC,2024-10-31,42.53,42.785,41.06,41.08
BIPC,2024-11-01,41.28,41.4358,40.8,41.07
BIPC,2024-11-04,40.87,41.5,40.605,40.85
BIPC,2024-11-05,40.6942,41.465,40.6942,41.35
BIPC,2024-11-06,42.43,43.25,41.81,42.97
BIPC,2024-11-07,42.97,44.26,42.5,42.6
BIPC,2024-11-08,42.6,43.06,42.328,42.8
BIPC,2024-11-11,43.025,43.87,43.025,43.59
BIPC,2024-11-12,43.425,43.71,42.85,43.54
BIPC,2024-11-13,43.48,43.53,42.51,42.54
BIPC,2024-11-14,42.73,43.1,42.31,42.48
BIPC,2024-11-15,42.71,43.18,42.5494,43.15
BIPC,2024-11-18,43.22,44.54,43.22,43.4
BIPC,2024-11-19,42.92,42.97,41.52,42.86
BIPC,2024-11-20,42.77,43.43,42.32,43.42
BIPC,2024-11-21,43.805,44.29,43.38,44.21
BIPC,2024-11-22,44.185,44.38,43.66,44.14
BIPC,2024-11-25,44.32,45.04,44.21,44.83
BIPC,2024-11-26,44.4,44.535,44.0279,44.35
BIPC,2024-11-27,44.66,45.29,44.54,44.92
BIPC,2024-11-29,44.82,44.92,44.42,44.89
BIPC,2024-12-02,44.575,45.07,44.01,44.55
BIPC,2024-12-03,44.67,45.02,43.86,44.07
BIPC,2024-12-04,44.13,44.44,43.38,43.65
BIPC,2024-12-05,43.545,43.97,43.35,43.56
BIPC,2024-12-06,43.8,43.81,42.61,42.8
BIPC,2024-12-09,43.01,43.36,42.48,42.56
BIPC,2025-01-27,42.65,42.99,40.8,41.66
BIPC,2025-01-28,41.7281,41.7281,40.3,40.86
BIPC,2025-01-29,41.04,41.285,39.93,40.25
BIPC,2025-01-30,40.4,42.28,40.4,42.02
BIPC,2025-01-31,41.95,42.93,41.33,41.72
BIPC,2025-02-03,40.13,41.35,39.77,41.12
BIPC,2025-02-04,41.45,42.1,41.0,41.78
BIPC,2025-02-05,42.19,42.45,41.8,41.94
BIPC,2025-02-06,42.165,42.185,41.27,41.57
BIPC,2025-02-07,41.62,42.0539,41.24,41.45
BIPC,2025-02-10,41.52,42.06,40.78,41.12
BIPC,2025-02-11,40.82,41.03,40.33,40.69
BIPC,2025-02-12,39.98,41.14,39.75,40.99
BIPC,2025-02-13,41.2,42.085,41.2,42.01
BIPC,2025-02-14,42.23,42.4995,41.1,41.33
BIPC,2025-02-18,41.4,42.71,41.0105,42.71
BIPC,2025-02-19,42.18,42.94,41.87,42.59
BIPC,2025-02-20,42.63,42.8,41.62,42.65
BIPC,2025-02-21,42.85,42.99,42.11,42.29
BIPC,2025-02-24,42.28,42.28,41.47,42.12
BIPC,2025-02-25,42.195,42.72,40.93,41.02
BIPC,2025-02-26,40.895,41.26,39.73,40.44
BIPC,2025-02-27,40.7,40.7,39.775,40.18
BIPC,2025-02-28,40.15,40.515,39.63,40.04
BIPC,2025-03-03,40.09,40.4325,38.99,39.22
BIPC,2025-03-04,38.85,39.135,37.5901,38.59
BIPC,2025-03-05,39.76,39.76,38.43,39.13
BIPC,2025-03-06,38.44,38.715,37.3,37.43
BIPC,2025-03-07,37.25,37.685,36.32,37.31
BIPC,2025-03-10,36.69,37.08,35.74,36.08
BIPC,2025-03-11,36.35,36.62,35.625,35.92
BIPC,2025-03-12,36.29,36.5646,35.915,36.08
BIPC,2025-03-13,36.55,36.56,34.22,34.22
BIPC,2025-03-14,34.545,34.8549,34.25,34.74
BIPC,2025-03-17,34.625,35.46,34.625,35.27
BIPC,2025-03-18,35.17,35.57,34.8,35.52
BIPC,2025-03-19,35.45,36.18,35.36,36.05
BIPC,2025-03-20,35.6,36.25,35.54,35.61
BIPC,2025-03-21,35.1946,35.36,34.97,35.36
BIPC,2025-03-24,35.83,36.58,35.83,36.27
BIPC,2025-03-25,36.29,36.64,35.69,36.43
BIPC,2025-03-26,36.76,36.945,36.11,36.19
BIPC,2025-03-27,36.15,36.945,35.95,36.79
BIPC,2025-03-28,36.84,37.0,36.07,36.09
BIPC,2025-03-31,35.85,36.295,35.57,36.19
BIPC,2025-04-01,36.27,37.32,35.655,37.17
BIPC,2025-04-02,36.98,37.51,36.745,37.45
BIPC,2025-04-03,36.33,37.13,36.1445,36.75
BIPC,2025-04-04,35.875,35.875,34.27,34.55
BIPC,2025-04-07,33.73,35.21,32.08,33.53
BIPC,2025-04-08,34.06,35.06,32.3,32.73
BIPC,2025-04-09,32.5,35.75,32.23,35.54
BIPC,2025-04-10,34.8521,35.165,32.68,33.87
BIPC,2025-04-11,33.8,34.94,33.8,34.61
BIPC,2025-04-14,34.852,35.835,34.852,35.46
BIPC,2025-04-15,35.605,35.92,35.48,35.56
BIPC,2025-04-16,35.57,36.03,35.12,35.52
BIPC,2025-04-17,36.0629,36.095,35.15,35.23
BIPC,2025-04-21,35.045,35.07,34.38,34.91
BIPC,2025-04-22,35.37,36.12,35.3,35.67
BIPC,2025-04-23,36.1,36.74,35.73,35.89
BIPC,2025-04-24,36.04,36.455,36.0,36.24
BIPC,2025-04-25,36.04,36.42,35.93,36.42
BIPC,2025-04-28,36.41,36.71,36.22,36.53
BIPC,2025-04-29,36.5,36.755,35.885,36.64
BIPC,2025-04-30,36.59,37.55,35.49,37.44
BIPC,2025-05-01,37.47,37.47,36.56,36.94
BIPC,2025-05-02,37.35,38.37,37.35,38.31
BIPC,2025-05-05,38.185,38.54,37.71,37.78
BIPC,2025-05-06,37.84,38.29,37.61,38.04
BIPC,2025-05-07,38.15,38.8,38.1,38.64
BIPC,2025-05-08,38.7876,39.1,38.455,38.81
BIPC,2025-05-09,39.1108,39.24,38.47,38.84
BIPC,2025-05-12,39.05,39.05,38.74,39.05
BIPC,2025-05-13,39.15,40.265,39.15,39.36
BIPC,2025-05-14,39.09,39.5,38.61,38.85
BIPC,2025-05-15,38.92,39.27,38.57,38.91
BIPC,2025-05-16,38.85,39.45,38.56,39.44
BIPC,2025-05-19,39.21,40.0082,39.1008,39.94
BIPC,2025-05-20,39.78,40.05,39.485,39.51
BIPC,2025-05-21,39.2,39.29,38.725,38.86
BIPC,2025-05-22,38.54,39.275,38.305,39.08
BIPC,2025-05-23,38.81,39.88,38.81,39.5
BIPC,2025-05-27,39.69,39.7,38.125,39.38
BIPC,2025-05-28,39.23,39.5,38.88,39.06
BIPC,2025-05-29,39.36,39.36,38.94,39.31
BIPC,2025-05-30,39.16,40.0,38.915,39.57
BIPC,2025-06-02,39.4,39.8714,39.05,39.8
BIPC,2025-06-03,39.9,40.7,39.68,40.66
BIPC,2025-06-04,40.635,40.79,40.14,40.7
BIPC,2025-06-05,40.725,41.1,40.47,40.93
BIPC,2025-06-06,41.125,41.5,40.4,40.7
BIPC,2025-06-09,40.755,41.28,40.41,41.14
BIPC,2025-06-10,41.21,41.55,41.01,41.12
BIPC,2025-06-11,41.1,41.63,40.89,41.55
BIPC,2025-06-12,41.3511,41.84,41.35,41.84
BIPC,2025-06-13,41.69,41.78,41.01,41.04
BIPC,2025-06-16,41.295,41.99,41.25,41.5
BIPC,2025-06-17,41.48,41.58,40.75,40.87
BIPC,2025-06-18,40.7,41.08,40.48,40.5
BIPC,2025-06-20,40.79,40.91,40.26,40.77
BIPC,2025-06-23,40.9,41.645,40.9,41.41
BIPC,2025-06-24,41.675,41.92,41.415,41.57
BIPC,2025-06-25,41.385,41.385,40.81,40.93
BIPC,2025-06-26,41.105,41.44,40.94,41.32
BIPC,2025-06-27,41.225,42.01,41.19,41.79
BIPC,2025-06-30,41.855,42.0,41.3,41.6
BIPC,2025-07-01,41.3,42.445,41.3,42.08
BIPC,2025-07-02,42.11,42.53,41.785,42.45
BIPC,2025-07-03,42.53,43.3,42.34,43.16
BIPC,2025-07-07,43.07,43.41,42.07,42.23
BIPC,2025-07-08,42.505,42.57,41.62,41.67
BIPC,2025-07-09,41.68,41.8,41.12,41.29
BIPC,2025-07-10,41.21,41.83,40.85,41.41
BIPC,2025-07-11,40.82,40.82,40.82,40.82
BIPC,2025-07-14,40.66,41.52,40.66,40.86
BIPC,2025-07-15,41.025,41.3015,40.705,41.04
BIPC,2025-07-16,41.17,42.45,41.0,42.34
BIPC,2025-07-17,42.07,42.36,41.72,41.78
BIPC,2025-07-18,41.91,41.945,41.405,41.47
BIPC,2025-07-21,41.575,41.66,41.2,41.3
BIPC,2025-07-22,41.45,41.64,41.32,41.59
BIPC,2025-07-23,41.88,42.2,41.6379,42.04
BIPC,2025-07-24,41.83,42.1697,41.65,41.65
BIPC,2025-07-25,41.55,41.785,41.31,41.73
BIPC,2025-07-28,41.6,41.67,41.2801,41.52
BIPC,2025-07-29,41.9,42.02,41.475,41.52
BIPC,2025-07-30,41.64,41.9299,40.46,40.72
BIPC,2025-07-31,39.77,40.965,38.66,39.06
BIPC,2025-08-01,38.85,38.855,38.11,38.42
BIPC,2025-08-04,38.755,39.46,38.58,39.13
BIPC,2025-08-05,39.32,39.58,38.74,39.5
BIPC,2025-08-06,39.555,39.76,39.32,39.52
BIPC,2025-08-07,39.83,39.86,39.27,39.72
BIPC,2025-08-08,39.9,39.93,39.21,39.75
BIPC,2025-08-11,39.9,40.29,39.72,40.26
BIPC,2025-08-12,40.465,40.61,40.045,40.27
BIPC,2025-08-13,40.42,40.67,39.88,40.22
BIPC,2025-08-14,40.08,40.1285,38.42,38.53
BIPC,2025-08-15,38.75,38.95,38.22,38.72
BIPC,2025-08-18,38.88,38.91,38.59,38.84
BIPC,2025-08-19,38.835,39.49,38.81,38.81
BIPC,2025-08-20,38.97,39.11,38.79,39.01
BIPC,2025-08-21,38.94,39.21,38.77,38.94
BIPC,2025-08-22,39.15,40.53,39.04,40.43
BIPC,2025-08-25,40.29,40.52,39.75,39.76
BIPC,2025-08-26,39.99,40.44,39.59,40.32
BIPC,2025-08-27,40.225,40.83,40.18,40.51
BIPC,2025-08-28,40.6176,40.79,40.39,40.72
BIPC,2025-08-29,40.2,40.92,40.11,40.22
BIPC,2025-09-02,39.9,39.9,38.99,39.9
BIPC,2025-09-03,39.65,39.99,39.32,39.34
BIPC,2025-09-04,39.375,39.77,38.83,39.74
BIPC,2025-09-05,40.0,40.28,39.51,39.91
BIPC,2025-09-08,39.92,40.62,39.75,40.61
BIPC,2025-09-09,40.46,40.83,40.06,40.11
BIPC,2025-09-10,40.13,40.59,39.965,40.13
BIPC,2025-09-11,40.1,40.66,40.06,40.61
BIPC,2025-09-12,40.41,40.47,39.84,40.02
BIPC,2025-09-15,40.125,40.58,39.81,40.49
BIPC,2025-09-16,40.4,40.74,40.0719,40.66
BIPC,2025-09-17,40.71,41.19,40.25,40.43
BIPC,2025-09-18,40.535,41.14,40.42,41.07
BIPC,2025-09-19,41.24,41.27,40.75,40.78
BIPC,2025-09-22,40.78,41.15,39.94,39.99
BIPC,2025-09-23,40.02,40.95,40.02,40.82
BIPC,2025-09-24,40.715,40.98,40.42,40.75
BIPC,2025-09-25,40.41,40.455,39.15,39.92
BIPC,2025-09-26,39.925,41.18,39.925,40.97
BIPC,2025-09-29,40.95,41.49,40.87,41.39
BIPC,2025-09-30,41.5,41.68,40.84,41.12
BIPC,2025-10-01,40.91,41.78,40.91,41.6
BIPC,2025-10-02,41.51,42.39,41.1105,42.37
BIPC,2025-10-03,42.24,43.135,42.0,43.13
BIPC,2025-10-06,43.065,44.19,42.96,44.1
BIPC,2025-10-07,44.37,45.12,44.07,44.44
BIPC,2025-10-08,44.32,44.68,43.71,44.58
BIPC,2025-10-09,44.61,44.69,43.6474,43.92
BIPC,2025-10-10,43.95,45.42,43.845,45.28
BIPC,2025-10-13,45.5,46.15,45.09,45.57
BIPC,2025-10-14,44.93,46.11,44.86,45.84
BIPC,2025-10-15,45.99,47.16,45.99,47.03
BIPC,2025-10-16,46.99,47.71,45.86,45.91
BIPC,2025-10-17,45.8,46.04,45.11,45.19
BIPC,2025-10-20,45.58,46.185,45.31,46.15
BIPC,2025-10-21,46.12,46.12,45.42,45.92
BIPC,2025-10-22,45.6975,45.91,43.755,43.8
BIPC,2025-10-23,43.8,44.685,43.5,44.66
BIPC,2025-10-24,45.05,45.05,44.23,44.43
BIPC,2025-10-27,44.4,44.58,43.705,44.25
BIPC,2025-10-28,44.5,45.77,44.31,45.03
BIPC,2025-10-29,45.04,45.04,43.79,44.01
BIPC,2025-10-30,43.855,43.89,43.16,43.445
BIPC,2025-10-31,43.235,45.54,43.035,45.31
BIPC,2025-11-03,45.12,46.145,44.84,45.8
BIPC,2025-11-04,45.4,45.96,45.34,45.86
BIPC,2025-11-05,45.785,46.65,45.715,46.45
BIPC,2025-11-06,46.405,46.77,45.87,46.43
BIPC,2025-11-07,46.175,46.88,44.54,45.33
BIPC,2025-11-10,45.76,45.8895,44.65,44.65
BIPC,2025-11-11,44.775,45.4,44.31,45.39
BIPC,2025-11-12,45.37,45.61,45.115,45.54
BIPC,2025-11-13,45.28,45.91,44.89,45.84
BIPC,2025-11-14,45.44,45.472,44.53,45.2
BIPC,2025-11-17,45.135,45.6699,44.81,45.08
BIPC,2025-11-18,45.08,45.345,44.78,45.08
BIPC,2025-11-19,44.95,45.12,43.61,43.96
BIPC,2025-11-20,44.52,44.8699,43.76,44.35
BIPC,2025-11-21,44.345,44.65,43.93,44.29
BIPC,2025-11-24,44.26,44.32,43.25,43.83
BIPC,2025-11-25,43.84,44.915,43.805,44.79
BIPC,2025-11-26,44.915,45.75,44.86,45.65
BIPC,2025-11-28,45.22,45.875,45.22,45.65
BIPC,2025-12-01,45.3316,45.53,44.81,44.93
BIPC,2025-12-02,45.3,46.48,45.0,46.25
BIPC,2025-12-03,46.58,47.405,46.37,46.88
BIPC,2025-12-04,46.755,47.39,46.54,47.01
BIPC,2025-12-05,47.03,47.635,46.7701,46.86
BIPC,2025-12-08,47.015,47.015,46.285,46.63
BIPC,2025-12-09,46.72,47.06,46.02,46.09
BIPC,2025-12-10,46.04,47.09,45.89,46.79
BIPC,2025-12-11,47.08,47.59,46.53,46.77
BIPC,2025-12-12,46.5,47.11,46.05,46.33
BIPC,2025-12-15,46.63,46.78,45.12,45.28
BIPC,2025-12-16,45.395,45.48,44.69,45.01
BIPC,2025-12-17,45.08,45.2199,43.67,44.71
BIPC,2025-12-18,44.905,46.285,44.905,45.46
BIPC,2025-12-19,45.31,46.4499,45.1,46.06
BIPC,2025-12-22,46.09,46.66,45.69,46.28
BIPC,2025-12-23,46.18,46.68,46.18,46.45
BIPC,2025-12-24,46.67,46.68,46.2901,46.5
BIPC,2025-12-26,46.44,46.48,46.05,46.33
BIPC,2025-12-29,46.6,46.61,45.9701,46.03
BIPC,2025-12-30,46.19,46.21,45.49,45.54
BIPC,2025-12-31,45.66,45.7,45.18,45.4
BIPC,2026-01-02,45.675,45.82,45.05,45.28
BIPC,2026-01-05,45.25,45.28,44.43,44.87
BIPC,2026-01-06,44.859,45.007,43.68,44.47
BIPC,2026-01-07,44.64,44.8363,43.68,44.07
BIPC,2026-01-08,44.12,44.504,43.65,44.25
BIPC,2026-01-09,44.355,44.5261,43.175,43.26
BIPC,2026-01-12,43.25,44.21,43.22,44.08
BIPC,2026-01-13,44.108,44.6475,43.99,44.35
BIPC,2026-01-14,44.365,44.69,44.09,44.42
BIPC,2026-01-15,44.52,45.1,44.49,44.64
BIPC,2026-01-16,44.615,45.985,44.08,45.59
BIPC,2026-01-20,45.22,45.57,44.25,44.49
BIPC,2026-01-21,44.92,45.47,44.43,45.32
BIPC,2026-01-22,45.48,46.13,45.17,45.19
BIPC,2026-01-23,45.15,45.56,44.89,45.55
BIPC,2026-01-26,45.75,45.89,44.695,45.22
BIPC,2026-01-27,45.6,46.25,45.26,46.09
BIPC,2026-01-28,46.32,46.53,45.83,46.44
BIPC,2026-01-29,46.51,49.06,46.175,48.77
BIPC,2026-01-30,48.75,49.1,47.81,47.85
BIPC,2026-02-02,47.915,48.91,47.915,48.81
BIPC,2026-02-03,48.98,49.3072,48.21,48.74
BIPC,2026-02-04,49.12,49.7,48.72,49.13
BIPC,2026-02-05,49.085,49.61,48.6306,49.08
BIPC,2026-02-06,49.7,50.4299,49.23,50.01
BIPC,2026-02-09,49.7901,50.32,49.77,49.9
BIPC,2026-02-10,50.17,50.87,50.03,50.58
BIPC,2026-02-11,50.98,51.67,50.64,51.0
BIPC,2026-02-12,51.21,51.72,50.06,50.08
BIPC,2026-02-13,50.46,50.51,49.2,49.56
BIPC,2026-02-17,49.555,50.095,48.9207,49.26
BIPC,2026-02-18,49.09,49.355,48.3,48.39
BIPC,2026-02-19,47.04,47.04,46.96,47.04
BIPC,2026-02-20,47.11,47.965,46.83,47.83
BIPC,2026-02-23,47.78,48.78,47.57,48.3
BIPC,2026-02-24,48.725,49.15,48.31,49.02
BIPC,2026-02-25,49.16,49.36,48.66,49.29
BIPC,2026-02-26,49.325,50.27,49.15,50.05
BIPC,2026-02-27,49.36,50.29,48.98,49.88
BIPC,2026-03-02,49.74,50.215,48.3,49.67
BIPC,2026-03-03,48.8,49.08,47.63,48.91
BIPC,2026-03-04,49.13,49.265,48.31,48.73
BIPC,2026-03-05,48.22,48.3,46.76,47.05
BIPC,2026-03-06,46.31,46.73,45.62,46.5
BIPC,2026-03-09,45.88,46.37,45.18,46.21
BIPC,2026-03-10,46.115,47.185,46.115,47.01
BIPC,2026-03-11,46.71,47.99,46.625,47.58
BIPC,2026-03-12,47.25,47.325,46.35,46.9
